#,Player,TEAM,GP,MIN,PTS,FGM,FGA,FG%,3PM,3PA,3P%,FTM,FTA,FT%,OREB,DREB,REB,AST,STL,BLK,TOV,EFF
1,Giannis Antetokounmpo,MIL,2,21.5,22.0,8.0,15.5,51.6,0.0,0.0,0.0,6.0,8.5,70.6,2.5,6.0,8.5,3.0,0.0,1.0,1.0, 23.5
2,Anthony Davis,LAL,4,25.5,21.8,9.0,16.5,54.5,1.3,4.3,29.4,2.5,4.8,52.6,1.5,8.0,9.5,2.5,1.0,1.3,1.3, 25.0
3,Jalen Brunson,NYK,4,22.8,21.5,7.0,12.3,57.1,1.8,4.0,43.8,5.8,6.8,85.2,0.3,1.8,2.0,4.3,0.3,0.0,1.8, 20.0
4,Anthony Edwards,MIN,3,27.0,21.0,8.0,18.7,42.9,4.3,12.3,35.1,0.7,1.3,50.0,0.0,3.0,3.0,3.0,0.3,0.0,2.0, 14.0
5,Jalen Green,HOU,4,23.8,20.5,6.3,14.3,43.9,4.0,9.3,43.2,4.0,5.0,80.0,0.3,3.0,3.3,1.0,0.5,0.5,1.8, 15.0
6,Coby White,CHI,3,29.0,19.3,6.0,12.7,47.4,3.3,7.3,45.5,4.0,4.7,85.7,0.3,3.3,3.7,5.0,0.7,0.0,2.7, 18.7
7,Julian Strawther,DEN,5,28.0,18.8,6.0,11.4,52.6,2.6,5.2,50.0,4.2,5.4,77.8,0.2,2.4,2.6,2.6,0.2,0.6,2.0, 16.2
8,Karl-Anthony Towns,NYK,4,25.5,18.3,5.3,14.0,37.5,1.0,5.8,17.4,6.8,7.8,87.1,2.8,8.3,11.0,1.5,1.5,0.8,1.3, 22.0
8,Scottie Barnes,TOR,4,25.8,18.3,7.3,13.5,53.7,2.0,5.3,38.1,1.8,3.0,58.3,1.0,5.0,6.0,4.0,1.5,0.5,3.5, 19.3
10,Brandon Ingram,NOP,1,21.0,18.0,7.0,13.0,53.8,2.0,3.0,66.7,2.0,2.0,100,0.0,3.0,3.0,3.0,0.0,0.0,1.0, 17.0
10,Dalton Knecht,LAL,5,26.6,18.0,6.2,14.2,43.7,3.6,10.0,36.0,2.0,2.4,83.3,1.6,2.6,4.2,2.0,1.4,0.8,2.2, 15.8
10,Zach LaVine,CHI,4,25.0,18.0,6.0,11.3,53.3,2.8,5.5,50.0,3.3,3.8,86.7,0.5,2.8,3.3,3.3,1.3,0.0,1.3, 18.8
13,Desmond Bane,MEM,4,24.0,17.5,7.3,14.0,51.8,2.3,6.0,37.5,0.8,1.3,60.0,0.8,3.0,3.8,3.8,1.0,1.0,1.8, 18.0
14,Brandon Miller,CHA,5,23.8,17.4,5.8,12.8,45.3,4.2,8.6,48.8,1.6,1.8,88.9,0.6,3.0,3.6,2.2,0.4,0.6,1.2, 15.8
15,Miles McBride,NYK,3,28.0,17.3,6.0,16.0,37.5,3.3,9.0,37.0,2.0,2.0,100,0.0,0.7,0.7,3.7,0.7,0.3,1.3, 11.3
16,Jayson Tatum,BOS,4,24.8,17.3,6.0,14.5,41.4,3.5,9.0,38.9,1.8,2.5,70.0,1.0,5.3,6.3,5.3,1.3,0.3,1.5, 19.5
17,Domantas Sabonis,SAC,5,27.2,17.2,6.4,12.4,51.6,0.2,2.2,9.1,4.2,5.8,72.4,3.8,7.2,11.0,5.6,1.2,0.4,3.6, 24.2
18,RJ Barrett,TOR,1,14.0,17.0,7.0,10.0,70.0,3.0,4.0,75.0,0.0,2.0,0.0,0.0,2.0,2.0,2.0,0.0,0.0,3.0, 13.0
19,Alperen Sengun,HOU,4,24.5,16.8,5.5,8.3,66.7,0.5,1.5,33.3,5.3,6.8,77.8,1.3,6.0,7.3,2.8,1.3,0.3,2.8, 21.3
20,Jalen Johnson,ATL,3,23.0,16.7,6.7,9.7,69.0,2.3,2.7,87.5,1.0,1.0,100,1.0,6.3,7.3,1.7,2.0,0.0,4.0, 20.7
21,Jaylen Brown,BOS,4,22.8,16.5,6.0,13.0,46.2,1.0,5.3,19.0,3.5,5.0,70.0,0.8,2.0,2.8,2.5,0.5,0.3,2.3, 11.8
22,Lauri Markkanen,UTA,5,23.4,16.4,4.4,11.2,39.3,1.8,4.6,39.1,5.8,6.4,90.6,1.2,3.2,4.4,0.6,0.0,0.4,2.2, 12.2
23,Bobby Portis,MIL,3,16.3,16.3,6.0,8.0,75.0,3.0,3.7,81.8,1.3,2.0,66.7,0.0,4.0,4.0,1.3,0.7,0.0,1.3, 18.3
23,Jordan Hawkins,NOP,3,18.7,16.3,5.0,10.0,50.0,2.0,4.7,42.9,4.3,4.7,92.9,0.0,2.0,2.0,0.7,0.0,0.7,1.7, 12.7
25,Jarrett Allen,CLE,4,23.0,16.0,6.8,9.5,71.1,0.0,0.0,0.0,2.5,3.0,83.3,3.0,6.0,9.0,2.3,0.8,0.3,1.0, 24.0
25,Kevin Durant,PHX,4,22.3,16.0,6.5,11.8,55.3,1.8,4.5,38.9,1.3,1.5,83.3,0.3,4.3,4.5,3.5,0.5,0.3,1.5, 17.8
25,Luka Garza,MIN,5,19.0,16.0,5.8,9.4,61.7,1.6,3.6,44.4,2.8,4.2,66.7,2.6,3.2,5.8,0.8,0.4,0.6,0.8, 17.8
25,Michael Porter Jr.,DEN,4,22.0,16.0,6.3,10.3,61.0,1.5,4.0,37.5,2.0,2.5,80.0,1.0,3.8,4.8,0.5,1.3,0.0,1.5, 16.5
25,Payton Pritchard,BOS,5,22.2,16.0,5.4,11.2,48.2,4.2,8.6,48.8,1.0,1.2,83.3,0.6,2.8,3.4,6.0,1.0,0.0,0.8, 19.6
25,Tre Mann,CHA,4,19.8,16.0,6.8,11.3,60.0,2.0,4.3,47.1,0.5,0.8,66.7,0.5,2.5,3.0,3.3,0.3,0.5,2.3, 16.0
25,Zaccharie Risacher,ATL,2,23.0,16.0,6.0,10.0,60.0,2.0,4.5,44.4,2.0,3.0,66.7,1.0,4.5,5.5,1.5,0.5,0.0,1.0, 17.5
32,De'Aaron Fox,SAC,4,27.3,15.8,6.3,13.8,45.5,1.8,5.5,31.8,1.5,2.0,75.0,1.0,4.8,5.8,3.0,1.3,0.0,1.8, 16.0
33,Donovan Mitchell,CLE,3,26.3,15.7,5.7,14.0,40.5,2.3,6.0,38.9,2.0,3.3,60.0,0.3,2.3,2.7,4.0,1.7,0.3,2.0, 12.7
34,Moses Moody,GSW,6,20.0,15.5,5.2,11.3,45.6,2.2,5.5,39.4,3.0,3.2,94.7,1.0,2.2,3.2,1.5,0.7,0.5,1.0, 14.0
34,Paul George,PHI,2,19.5,15.5,5.5,10.0,55.0,2.5,5.0,50.0,2.0,3.0,66.7,0.5,3.5,4.0,1.5,1.0,0.0,1.5, 15.0
36,Darius Garland,CLE,3,25.3,15.0,5.3,12.0,44.4,2.7,7.0,38.1,1.7,1.7,100,0.0,1.3,1.3,4.0,2.3,0.0,2.7, 13.3
36,Gradey Dick,TOR,5,25.4,15.0,6.2,14.2,43.7,2.4,7.0,34.3,0.2,0.4,50.0,0.8,3.2,4.0,1.4,1.0,0.4,0.8, 12.8
36,Ja Morant,MEM,2,21.0,15.0,5.5,10.5,52.4,0.0,2.0,0.0,4.0,4.5,88.9,1.0,5.0,6.0,4.5,1.5,1.0,2.0, 20.5
36,Jaden Hardy,DAL,4,26.3,15.0,5.0,12.3,40.8,2.8,6.8,40.7,2.3,3.0,75.0,0.3,1.8,2.0,4.3,1.0,0.0,2.8, 11.5
36,Jaden Ivey,DET,5,21.2,15.0,5.4,8.8,61.4,1.8,3.4,52.9,2.4,2.8,85.7,1.6,1.0,2.6,2.8,0.8,0.4,1.8, 16.0
36,Julius Randle,MIN,1,26.0,15.0,6.0,12.0,50.0,0.0,0.0,0.0,3.0,4.0,75.0,1.0,5.0,6.0,5.0,1.0,0.0,2.0, 18.0
36,Jusuf Nurkić,PHX,1,17.0,15.0,6.0,11.0,54.5,2.0,4.0,50.0,1.0,2.0,50.0,1.0,6.0,7.0,0.0,1.0,2.0,2.0, 17.0
36,Kobe Bufkin,ATL,4,25.8,15.0,5.3,14.0,37.5,2.3,6.5,34.6,2.3,2.3,100,0.5,2.5,3.0,4.3,0.8,1.0,2.8, 12.5
36,Tyler Herro,MIA,3,20.7,15.0,5.7,11.3,50.0,2.3,7.3,31.8,1.3,1.3,100,0.0,3.3,3.3,4.0,1.3,0.0,0.7, 17.3
45,Cam Thomas,BKN,4,25.3,14.8,4.5,10.3,43.9,1.5,5.0,30.0,4.3,5.3,81.0,0.5,2.0,2.5,2.0,1.0,0.0,1.0, 12.5
45,Cameron Johnson,BKN,4,25.5,14.8,5.0,12.0,41.7,3.3,8.3,39.4,1.5,2.0,75.0,0.5,3.5,4.0,2.8,0.3,0.8,1.3, 13.8
45,LaMelo Ball,CHA,4,21.0,14.8,4.8,12.5,38.0,3.8,9.0,41.7,1.5,1.8,85.7,0.3,3.0,3.3,5.5,1.3,1.0,2.8, 15.0
45,Nikola Jokić,DEN,4,23.3,14.8,5.8,10.3,56.1,0.5,2.0,25.0,2.8,4.3,64.7,2.0,7.0,9.0,5.3,1.5,0.3,3.3, 21.5
45,Scoot Henderson,POR,4,27.8,14.8,5.3,14.0,37.5,0.8,4.3,17.6,3.5,4.8,73.7,0.8,3.3,4.0,4.5,1.5,0.0,2.3, 12.5
50,Devin Booker,PHX,3,21.3,14.7,5.3,14.3,37.2,2.0,6.3,31.6,2.0,2.0,100,0.7,1.3,2.0,2.7,0.0,0.3,1.0, 9.7
50,Evan Mobley,CLE,3,25.7,14.7,5.3,10.3,51.6,0.7,2.3,28.6,3.3,6.3,52.6,0.3,6.3,6.7,3.7,0.3,3.3,0.7, 20.0
52,Jalen Williams,OKC,4,16.8,14.5,5.8,10.5,54.8,2.3,4.3,52.9,0.8,1.0,75.0,0.0,2.5,2.5,2.0,0.3,0.3,0.3, 14.3
52,Zion Williamson,NOP,2,18.0,14.5,6.5,10.5,61.9,0.0,1.0,0.0,1.5,1.5,100,2.0,3.0,5.0,2.5,1.0,0.5,1.5, 18.0
54,Jaylen Wells,MEM,5,23.2,14.4,4.8,10.8,44.4,2.4,5.0,48.0,2.4,3.2,75.0,1.6,2.2,3.8,2.6,0.8,0.0,1.4, 13.4
55,Damian Lillard,MIL,3,21.0,14.3,4.3,9.0,48.1,2.3,5.0,46.7,3.3,3.7,90.9,0.0,3.7,3.7,5.7,1.3,0.3,2.0, 18.3
55,Keldon Johnson,SAS,3,22.7,14.3,6.0,9.7,62.1,0.3,1.3,25.0,2.0,2.7,75.0,2.0,2.0,4.0,1.3,1.0,0.3,1.0, 15.7
57,Kelly Oubre Jr.,PHI,5,21.2,14.2,4.6,8.6,53.5,1.2,4.0,30.0,3.8,4.6,82.6,0.8,2.2,3.0,1.0,0.8,0.0,1.4, 12.8
58,Austin Reaves,LAL,4,23.0,14.0,3.3,9.8,33.3,1.3,5.5,22.7,6.3,6.5,96.2,1.3,4.3,5.5,4.5,1.3,0.0,0.5, 18.0
58,Doug McDermott,SAC,1,25.0,14.0,5.0,13.0,38.5,4.0,11.0,36.4,0.0,0.0,0.0,1.0,4.0,5.0,0.0,0.0,0.0,2.0, 9.0
58,Jerami Grant,POR,3,18.3,14.0,4.7,8.3,56.0,2.0,3.0,66.7,2.7,3.0,88.9,0.0,1.0,1.0,2.3,1.3,1.0,0.7, 15.0
58,Myles Turner,IND,3,19.3,14.0,5.7,10.0,56.7,1.3,4.0,33.3,1.3,1.7,80.0,0.3,4.3,4.7,2.0,0.7,0.7,1.3, 16.0
58,Nick Smith Jr.,CHA,1,25.0,14.0,4.0,16.0,25.0,1.0,8.0,12.5,5.0,5.0,100,1.0,2.0,3.0,3.0,3.0,1.0,7.0, 5.0
58,Paolo Banchero,ORL,3,21.3,14.0,5.3,8.7,61.5,0.7,1.3,50.0,2.7,3.7,72.7,0.7,4.3,5.0,4.0,1.0,0.0,2.3, 17.3
64,Keyonte George,UTA,5,21.4,13.8,4.2,8.6,48.8,2.6,5.8,44.8,2.8,3.2,87.5,0.0,1.8,1.8,3.0,0.6,0.2,2.6, 12.0
65,Toumani Camara,POR,4,27.8,13.8,4.0,9.5,42.1,1.0,2.5,40.0,4.8,5.3,90.5,2.0,4.3,6.3,2.3,2.0,0.8,2.5, 16.5
66,Jonathan Kuminga,GSW,6,21.3,13.7,5.0,9.2,54.5,1.8,4.2,44.0,1.8,3.3,55.0,1.3,3.3,4.7,1.2,0.2,0.0,0.5, 13.5
67,Jeremy Sochan,SAS,4,23.8,13.5,6.3,9.5,65.8,0.3,0.8,33.3,0.8,1.5,50.0,2.0,5.0,7.0,2.0,1.3,0.5,1.8, 18.5
67,Nikola Vučević,CHI,4,25.0,13.5,6.0,11.3,53.3,1.0,2.3,44.4,0.5,0.8,66.7,2.0,7.8,9.8,3.5,1.3,0.3,1.3, 21.5
69,Keegan Murray,SAC,5,27.4,13.4,5.2,11.4,45.6,1.4,5.4,25.9,1.6,2.0,80.0,1.2,2.4,3.6,1.6,1.8,0.4,0.6, 13.6
70,Dillon Brooks,HOU,3,24.0,13.3,4.7,8.7,53.8,2.7,5.3,50.0,1.3,1.3,100,1.3,3.0,4.3,2.0,0.0,0.0,1.3, 14.3
70,Shai Gilgeous-Alexander,OKC,3,19.3,13.3,4.3,7.0,61.9,2.3,3.7,63.6,2.3,2.3,100,0.7,2.3,3.0,4.0,1.3,0.7,2.0, 17.7
72,Bennedict Mathurin,IND,4,22.0,13.3,4.3,9.0,47.2,2.0,4.8,42.1,2.8,3.3,84.6,0.5,1.8,2.3,2.3,0.3,0.3,2.0, 11.0
72,Bradley Beal,PHX,4,22.0,13.3,4.5,11.5,39.1,1.5,4.8,31.6,2.8,3.3,84.6,0.8,2.3,3.0,2.3,0.8,0.3,2.0, 10.0
72,Malaki Branham,SAS,4,18.5,13.3,5.0,12.8,39.2,1.3,5.8,21.7,2.0,3.0,66.7,0.0,1.0,1.0,1.5,0.8,0.8,0.5, 8.0
75,Cade Cunningham,DET,5,21.0,13.0,5.4,10.6,50.9,0.6,2.6,23.1,1.6,2.0,80.0,0.6,4.2,4.8,6.4,0.8,0.4,1.6, 18.2
75,Cameron Payne,NYK,5,25.2,13.0,5.2,13.2,39.4,2.0,6.2,32.3,0.6,1.2,50.0,0.4,1.8,2.2,4.4,1.0,0.0,1.4, 10.6
75,DeMar DeRozan,SAC,5,26.4,13.0,5.0,10.6,47.2,0.6,1.4,42.9,2.4,3.4,70.6,0.2,1.6,1.8,3.4,1.6,0.4,1.8, 11.8
75,Josh Minott,MIN,5,23.6,13.0,5.0,8.4,59.5,1.6,3.2,50.0,1.4,2.2,63.6,1.0,4.0,5.0,1.6,1.2,1.4,0.8, 17.2
75,Kyrie Irving,DAL,2,18.0,13.0,6.0,9.0,66.7,1.0,3.5,28.6,0.0,0.0,0.0,0.5,2.5,3.0,1.5,0.5,1.0,1.5, 14.5
75,Naz Reid,MIN,3,18.3,13.0,4.3,10.0,43.3,2.0,6.0,33.3,2.3,3.0,77.8,1.0,3.3,4.3,2.0,0.7,0.7,1.0, 13.3
75,Pacôme Dadiet,NYK,2,22.5,13.0,5.0,9.0,55.6,2.5,4.5,55.6,0.5,0.5,100,0.5,3.5,4.0,0.0,0.5,0.0,0.0, 13.5
75,Talen Horton-Tucker,CHI,5,17.8,13.0,4.6,11.0,41.8,1.4,4.2,33.3,2.4,3.2,75.0,0.6,3.0,3.6,2.2,0.8,0.4,0.8, 12.0
83,Jared McCain,PHI,5,22.8,12.8,4.8,12.0,40.0,2.2,5.8,37.9,1.0,1.2,83.3,1.0,3.6,4.6,1.6,1.0,0.0,2.6, 10.0
84,James Harden,LAC,4,18.8,12.8,4.0,9.3,43.2,2.0,5.0,40.0,2.8,3.3,84.6,0.3,2.5,2.8,6.8,1.5,0.0,4.5, 13.5
84,Jimmy Butler,MIA,4,19.3,12.8,4.0,6.3,64.0,0.8,1.5,50.0,4.0,4.5,88.9,1.8,1.5,3.3,2.0,1.8,0.5,0.5, 17.0
84,Rui Hachimura,LAL,4,24.0,12.8,5.0,10.3,48.8,1.3,3.5,35.7,1.5,1.8,85.7,1.0,6.0,7.0,1.3,1.0,0.5,0.8, 16.3
87,Drew Peterson,BOS,3,15.7,12.7,4.0,6.7,60.0,2.0,3.7,54.5,2.7,3.3,80.0,1.3,1.3,2.7,1.0,1.0,0.0,1.0, 13.0
88,Amen Thompson,HOU,4,22.8,12.5,5.5,10.0,55.0,0.5,1.3,40.0,1.0,2.3,44.4,2.3,3.0,5.3,2.0,1.0,0.8,1.0, 14.8
88,Derrick White,BOS,4,24.0,12.5,4.3,11.3,37.8,2.3,7.0,32.1,1.8,1.8,100,1.0,1.5,2.5,2.8,1.0,1.3,1.5, 11.5
88,Svi Mykhailiuk,UTA,2,15.5,12.5,4.0,9.5,42.1,2.0,6.0,33.3,2.5,2.5,100,1.0,1.0,2.0,1.5,0.5,0.0,0.0, 11.0
91,Julian Champagnie,SAS,5,20.6,12.4,4.0,9.4,42.6,3.2,7.6,42.1,1.2,1.4,85.7,0.6,3.8,4.4,0.6,1.0,0.4,1.4, 11.8
92,Collin Sexton,UTA,6,22.5,12.3,4.7,10.3,45.2,1.7,4.7,35.7,1.3,1.7,80.0,0.3,3.2,3.5,3.7,0.8,0.5,2.8, 12.0
92,Trae Young,ATL,3,21.7,12.3,4.0,9.0,44.4,2.3,4.3,53.8,2.0,3.7,54.5,0.0,1.0,1.0,7.3,0.7,0.0,4.0, 10.7
94,Donte DiVincenzo,MIN,4,22.0,12.3,4.8,9.8,48.7,2.5,6.5,38.5,0.3,0.3,100,0.8,2.8,3.5,4.3,0.5,0.0,1.0, 14.5
95,Zach Edey,MEM,5,20.2,12.2,4.4,8.8,50.0,0.0,0.8,0.0,3.4,4.6,73.9,2.6,4.6,7.2,1.0,0.4,1.0,1.8, 14.4
96,Buddy Hield,GSW,6,17.2,12.2,4.5,8.7,51.9,3.2,6.5,48.7,0.0,0.0,0.0,0.2,2.3,2.5,1.7,0.2,0.2,1.7, 10.8
97,Andrew Wiggins,GSW,2,21.5,12.0,3.5,9.5,36.8,1.0,4.5,22.2,4.0,4.5,88.9,1.0,0.5,1.5,2.0,1.0,1.0,1.5, 9.5
97,Ayo Dosunmu,CHI,3,19.3,12.0,4.3,8.0,54.2,2.7,4.3,61.5,0.7,1.3,50.0,0.7,1.3,2.0,1.3,1.0,0.0,1.0, 11.0
97,Corey Kispert,WAS,4,22.8,12.0,4.0,8.3,48.5,2.3,5.3,42.9,1.8,2.3,77.8,0.3,1.5,1.8,1.0,0.3,0.8,2.0, 9.0
97,LeBron James,LAL,3,18.7,12.0,5.0,10.7,46.9,1.3,2.3,57.1,0.7,1.0,66.7,0.3,4.0,4.3,3.7,0.0,0.7,3.0, 11.7
101,Jakob Poeltl,TOR,5,24.4,11.8,5.4,8.6,62.8,0.0,0.0,0.0,1.0,1.4,71.4,2.6,6.6,9.2,3.2,0.4,0.6,2.4, 19.2
101,Tidjane Salaün,CHA,5,27.8,11.8,4.2,10.6,39.6,3.0,7.4,40.5,0.4,0.8,50.0,1.0,6.2,7.2,1.2,0.4,0.2,2.4, 11.6
103,Jalen Smith,CHI,3,17.7,11.7,4.3,9.0,48.1,0.0,3.0,0.0,3.0,4.3,69.2,2.3,6.7,9.0,2.3,0.7,0.3,0.7, 17.3
103,Jett Howard,ORL,3,19.0,11.7,3.7,7.3,50.0,2.3,5.7,41.2,2.0,2.0,100,0.0,0.0,0.0,1.7,1.0,0.0,0.7, 10.0
105,Jordan Poole,WAS,5,22.0,11.6,4.2,10.0,42.0,1.4,5.4,25.9,1.8,2.0,90.0,0.2,1.6,1.8,3.6,0.6,0.2,1.8, 10.0
106,Ajay Mitchell,OKC,4,20.8,11.5,5.0,9.5,52.6,0.5,3.0,16.7,1.0,1.8,57.1,0.5,1.5,2.0,2.0,1.0,0.0,1.3, 10.0
106,Bam Adebayo,MIA,4,20.0,11.5,4.3,7.5,56.7,1.3,3.3,38.5,1.8,3.0,58.3,0.3,4.8,5.0,1.8,2.0,0.5,1.8, 14.5
106,Johnny Juzang,UTA,4,17.5,11.5,3.8,6.5,57.7,2.5,4.8,52.6,1.5,2.0,75.0,1.3,0.8,2.0,1.5,0.8,0.3,0.5, 12.3
106,Santi Aldama,MEM,4,21.3,11.5,4.0,7.5,53.3,2.8,5.3,52.4,0.8,1.5,50.0,0.5,5.0,5.5,2.8,1.0,0.0,1.8, 14.8
106,Tyler Kolek,NYK,4,18.0,11.5,3.5,7.3,48.3,1.5,4.3,35.3,3.0,3.0,100,0.5,2.5,3.0,4.3,1.0,0.3,1.8, 14.5
111,Jordan Miller,LAC,5,19.6,11.4,4.0,6.8,58.8,0.8,1.6,50.0,2.6,4.0,65.0,1.0,1.8,2.8,1.8,1.0,0.4,0.8, 12.4
111,Tyrese Maxey,PHI,5,17.2,11.4,3.8,9.4,40.4,2.2,5.2,42.3,1.6,1.8,88.9,0.0,0.8,0.8,3.6,1.0,0.0,1.4, 9.6
113,Alexandre Sarr,WAS,3,23.0,11.3,4.3,9.0,48.1,2.3,4.3,53.8,0.3,0.7,50.0,1.7,3.7,5.3,2.3,0.0,1.7,2.3, 13.3
113,Russell Westbrook,DEN,3,19.7,11.3,3.7,8.3,44.0,1.7,3.0,55.6,2.3,3.3,70.0,0.3,1.7,2.0,6.3,0.0,0.3,3.0, 11.3
113,Tobias Harris,DET,3,20.0,11.3,4.3,8.3,52.0,1.3,3.3,40.0,1.3,1.7,80.0,0.3,3.0,3.3,2.7,1.3,1.3,0.7, 15.0
116,Chris Boucher,TOR,5,17.0,11.2,3.8,7.8,48.7,1.8,4.0,45.0,1.8,1.8,100,1.8,2.0,3.8,0.6,0.4,0.2,0.8, 11.4
116,Dillon Jones,OKC,5,23.6,11.2,4.4,9.2,47.8,1.4,3.0,46.7,1.0,1.2,83.3,1.4,5.2,6.6,3.6,1.8,0.6,2.8, 16.0
118,Anfernee Simons,POR,1,21.0,11.0,4.0,10.0,40.0,1.0,5.0,20.0,2.0,2.0,100,0.0,2.0,2.0,2.0,0.0,0.0,1.0, 8.0
118,Deni Avdija,POR,3,21.3,11.0,3.7,8.7,42.3,0.7,2.7,25.0,3.0,3.0,100,0.3,3.7,4.0,4.0,1.3,0.7,2.3, 13.7
118,Dennis Schröder,BKN,4,27.3,11.0,3.5,9.3,37.8,1.0,3.3,30.8,3.0,3.3,92.3,0.5,1.5,2.0,4.8,1.3,0.3,1.5, 11.8
118,Isaiah Joe,OKC,4,17.5,11.0,4.3,10.3,41.5,2.5,7.5,33.3,0.0,0.5,0.0,0.5,2.5,3.0,1.8,0.3,0.0,0.0, 9.5
118,Jalen Wilson,BKN,4,24.8,11.0,3.5,8.8,40.0,1.8,4.8,36.8,2.3,3.5,64.3,0.8,2.5,3.3,2.5,0.5,0.3,1.8, 9.3
118,Jordan Clarkson,UTA,5,17.4,11.0,3.8,7.4,51.4,0.6,1.8,33.3,2.8,3.6,77.8,0.6,2.4,3.0,2.2,0.6,1.0,2.2, 11.2
118,Kevon Harris,ATL,2,17.5,11.0,3.5,9.0,38.9,0.0,4.5,0.0,4.0,4.0,100,1.5,2.0,3.5,1.5,1.0,0.5,1.5, 10.5
118,Norman Powell,LAC,4,17.0,11.0,3.3,6.0,54.2,1.3,2.5,50.0,3.3,3.5,92.9,0.0,1.8,1.8,1.5,0.5,0.3,1.0, 11.0
118,Ousmane Dieng,OKC,5,26.0,11.0,3.8,9.0,42.2,1.6,4.8,33.3,1.8,2.6,69.2,2.2,4.2,6.4,3.6,0.2,1.2,1.6, 14.8
118,Stephen Curry,GSW,4,18.3,11.0,3.8,10.3,36.6,1.8,6.3,28.0,1.8,2.0,87.5,0.0,2.3,2.3,3.3,1.0,0.3,2.8, 8.3
118,Stephon Castle,SAS,5,21.0,11.0,3.4,7.6,44.7,0.8,3.2,25.0,3.4,4.8,70.8,1.2,1.2,2.4,3.6,1.2,0.0,2.8, 9.8
129,Chet Holmgren,OKC,4,15.0,10.8,3.8,7.5,50.0,0.8,2.0,37.5,2.5,4.0,62.5,0.5,4.0,4.5,1.3,0.5,1.3,1.8, 11.3
129,Dyson Daniels,ATL,4,22.8,10.8,4.0,9.5,42.1,2.0,5.3,38.1,0.8,1.5,50.0,1.3,3.0,4.3,2.8,1.3,0.5,1.3, 12.0
129,Jay Huff,MEM,4,15.8,10.8,4.0,9.0,44.4,2.3,5.3,42.9,0.5,0.8,66.7,1.3,3.3,4.5,1.3,0.3,1.0,1.5, 11.0
129,Landry Shamet,NYK,4,22.0,10.8,3.8,10.5,35.7,2.3,7.5,30.0,1.0,1.0,100,0.5,2.3,2.8,1.5,1.0,0.5,0.5, 9.3
129,Mikal Bridges,NYK,4,26.5,10.8,4.0,9.8,41.0,0.5,4.8,10.5,2.3,2.8,81.8,0.8,2.5,3.3,1.5,1.0,0.0,0.5, 9.8
134,Deandre Ayton,POR,3,17.7,10.7,4.7,7.0,66.7,1.0,1.3,75.0,0.3,0.3,100,3.0,4.7,7.7,1.0,1.3,0.3,1.3, 17.3
135,John Collins,UTA,5,15.8,10.6,3.6,8.4,42.9,0.6,3.0,20.0,2.8,3.8,73.7,1.8,3.4,5.2,1.6,0.8,1.0,1.8, 11.6
136,Julian Phillips,CHI,4,20.0,10.5,4.0,8.0,50.0,2.0,4.8,42.1,0.5,0.5,100,2.5,1.3,3.8,0.5,0.0,0.5,1.3, 10.0
136,Lonzo Ball,CHI,2,15.5,10.5,4.0,7.5,53.3,2.5,5.5,45.5,0.0,0.0,0.0,0.0,2.0,2.0,2.0,0.5,0.5,0.5, 11.5
136,OG Anunoby,NYK,4,24.0,10.5,3.3,8.0,40.6,1.3,4.0,31.3,2.8,3.5,78.6,0.5,4.3,4.8,1.3,1.8,1.0,1.0, 12.8
136,Sam Hauser,BOS,4,17.5,10.5,3.8,8.3,45.5,2.8,6.0,45.8,0.3,0.3,100,1.3,4.3,5.5,1.5,0.8,0.5,0.3, 14.0
136,Shake Milton,BKN,4,16.8,10.5,3.8,5.5,68.2,1.3,2.0,62.5,1.8,2.0,87.5,0.5,1.0,1.5,2.3,0.8,0.3,1.5, 11.8
141,Ochai Agbaji,TOR,5,23.6,10.4,4.2,7.8,53.8,0.6,3.2,18.8,1.4,2.2,63.6,1.0,2.8,3.8,2.6,0.4,0.2,1.0, 12.0
142,Bones Hyland,LAC,3,19.0,10.3,3.3,12.0,27.8,2.0,7.3,27.3,1.7,2.3,71.4,0.7,3.7,4.3,1.7,1.3,0.0,1.7, 6.7
142,Jalen Suggs,ORL,3,21.0,10.3,3.0,8.7,34.6,1.3,6.0,22.2,3.0,4.3,69.2,0.7,4.0,4.7,3.3,2.0,0.3,2.3, 11.3
144,Jamal Murray,DEN,4,20.3,10.3,3.0,8.0,37.5,1.8,4.0,43.8,2.5,2.5,100,0.0,1.3,1.3,2.5,1.3,0.8,2.0, 9.0
144,Jazian Gortman,DAL,4,20.5,10.3,4.0,7.8,51.6,2.0,3.5,57.1,0.3,0.3,100,0.0,1.8,1.8,2.0,1.3,0.0,1.8, 9.8
146,Brice Sensabaugh,UTA,6,21.3,10.2,3.2,7.5,42.2,1.5,3.7,40.9,2.3,3.0,77.8,0.7,3.2,3.8,1.8,1.0,0.0,1.8, 10.0
147,Kelly Olynyk,TOR,1,12.0,10.0,3.0,6.0,50.0,2.0,5.0,40.0,2.0,3.0,66.7,0.0,5.0,5.0,3.0,0.0,0.0,1.0, 13.0
147,Kevin Porter Jr.,LAC,4,16.5,10.0,4.0,9.8,41.0,0.5,1.8,28.6,1.5,2.0,75.0,0.0,3.0,3.0,3.8,1.8,0.5,2.5, 10.3
147,Olivier-Maxence Prosper,DAL,4,22.8,10.0,3.5,7.5,46.7,0.5,2.3,22.2,2.5,3.5,71.4,1.5,3.0,4.5,1.5,0.8,0.0,1.0, 10.8
147,Rayan Rupert,POR,4,26.3,10.0,4.3,8.8,48.6,0.5,3.5,14.3,1.0,1.5,66.7,0.3,3.3,3.5,2.0,0.8,0.3,2.0, 9.5
147,Zach Collins,SAS,3,21.0,10.0,4.0,10.7,37.5,0.3,3.0,11.1,1.7,3.0,55.6,0.0,3.0,3.0,3.3,0.7,0.3,0.0, 9.3
147,Ziaire Williams,BKN,4,25.0,10.0,4.0,8.3,48.5,0.8,2.8,27.3,1.3,2.0,62.5,2.0,4.5,6.5,1.5,2.5,0.8,1.5, 14.8
153,Brandin Podziemski,GSW,5,22.4,9.8,3.4,8.8,38.6,1.4,3.8,36.8,1.6,2.0,80.0,0.4,4.0,4.4,4.0,1.8,0.0,2.6, 11.6
153,D'Angelo Russell,LAL,5,25.8,9.8,3.8,10.4,36.5,1.2,5.0,24.0,1.0,1.0,100,0.4,1.8,2.2,5.0,0.8,0.4,1.6, 10.0
153,Jalen Duren,DET,5,18.4,9.8,4.4,6.4,68.8,0.0,0.0,0.0,1.0,1.4,71.4,2.2,4.2,6.4,2.0,0.6,1.0,1.6, 15.8
156,Kris Murray,POR,4,23.0,9.8,3.8,7.0,53.6,1.3,3.3,38.5,1.0,2.0,50.0,1.5,2.0,3.5,2.0,1.0,0.5,0.8, 11.8
157,Dejounte Murray,NOP,3,21.0,9.7,3.3,9.3,35.7,0.7,3.3,20.0,2.3,2.7,87.5,0.3,4.3,4.7,5.0,0.7,0.0,1.3, 12.3
157,Tyrese Haliburton,IND,3,19.3,9.7,3.7,6.7,55.0,2.0,4.3,46.2,0.3,0.3,100,0.0,2.7,2.7,4.3,1.0,0.0,1.3, 13.3
159,Sandro Mamukelashvili,SAS,5,15.2,9.6,3.0,6.2,48.4,2.4,4.4,54.5,1.2,1.6,75.0,0.8,1.4,2.2,1.8,0.4,0.0,0.6, 9.8
160,Cam Whitmore,HOU,4,18.8,9.5,3.3,8.8,37.1,0.8,4.0,18.8,2.3,3.5,64.3,0.5,1.5,2.0,2.3,1.0,0.5,1.8, 6.8
160,Dalano Banton,POR,4,20.0,9.5,3.3,7.0,46.4,1.0,3.8,26.7,2.0,3.5,57.1,0.8,2.5,3.3,4.3,1.0,0.8,1.8, 11.8
160,Josh Giddey,CHI,4,23.8,9.5,3.3,10.3,31.7,1.3,4.0,31.3,1.8,2.3,77.8,0.5,4.5,5.0,6.0,0.3,2.0,1.8, 13.5
160,Miles Bridges,CHA,4,19.0,9.5,3.3,7.8,41.9,1.0,3.3,30.8,2.0,2.3,88.9,1.3,3.8,5.0,1.8,0.3,0.3,1.8, 10.3
160,Tyus Jones,PHX,4,22.0,9.5,3.8,6.0,62.5,2.0,3.3,61.5,0.0,0.0,0.0,0.0,1.3,1.3,5.3,2.0,0.0,1.3, 14.5
160,Victor Wembanyama,SAS,2,20.0,9.5,3.5,10.5,33.3,0.5,4.5,11.1,2.0,3.5,57.1,1.0,7.0,8.0,3.5,0.5,2.0,3.0, 12.0
166,Precious Achiuwa,NYK,5,24.6,9.4,3.8,8.2,46.3,0.6,1.2,50.0,1.2,1.2,100,2.4,4.8,7.2,1.4,0.8,0.6,1.2, 13.8
166,Ryan Dunn,PHX,5,22.4,9.4,3.0,7.6,39.5,2.6,6.0,43.3,0.8,1.6,50.0,0.8,3.0,3.8,1.2,1.2,1.4,1.0, 10.6
166,Scotty Pippen Jr.,MEM,5,19.4,9.4,3.0,6.6,45.5,1.2,3.2,37.5,2.2,3.0,73.3,0.8,1.6,2.4,3.6,1.0,0.0,3.2, 8.8
169,Anthony Black,ORL,3,20.0,9.3,3.0,5.3,56.3,1.0,2.0,50.0,2.3,3.0,77.8,0.3,2.7,3.0,4.3,0.3,0.0,2.7, 11.3
169,Pascal Siakam,IND,3,19.0,9.3,4.0,8.7,46.2,1.3,3.0,44.4,0.0,1.0,0.0,0.7,2.7,3.3,3.3,0.3,0.3,0.7, 10.3
171,David Roddy,ATL,4,21.3,9.3,3.5,7.8,45.2,1.0,2.8,36.4,1.3,1.5,83.3,2.3,3.5,5.8,1.8,0.3,0.5,2.5, 10.5
171,Jarace Walker,IND,4,23.5,9.3,3.0,6.3,48.0,1.5,3.5,42.9,1.8,2.3,77.8,0.8,3.5,4.3,2.0,1.3,0.5,1.8, 11.8
171,Matas Buzelis,CHI,4,20.3,9.3,3.0,8.5,35.3,1.3,4.3,29.4,2.0,2.3,88.9,0.8,2.8,3.5,1.8,0.3,0.5,0.5, 9.0
174,Jake LaRavia,MEM,5,21.8,9.2,2.6,7.8,33.3,0.8,3.4,23.5,3.2,3.6,88.9,2.2,3.8,6.0,2.4,1.4,0.2,2.2, 11.4
174,Kyle Kuzma,WAS,5,23.0,9.2,3.2,10.2,31.4,1.0,5.2,19.2,1.8,3.0,60.0,0.2,4.4,4.6,2.6,0.6,0.2,3.2, 5.8
176,Amir Coffey,LAC,5,17.4,9.0,3.2,7.0,45.7,1.0,2.8,35.7,1.6,1.8,88.9,0.0,1.8,1.8,0.4,0.6,0.2,0.8, 7.2
176,Andre Drummond,PHI,5,20.4,9.0,4.0,7.2,55.6,0.2,0.8,25.0,0.8,1.6,50.0,4.0,8.4,12.4,0.8,1.8,1.0,2.6, 18.4
176,Ben Sheppard,IND,4,22.3,9.0,3.0,7.5,40.0,1.5,4.5,33.3,1.5,2.0,75.0,0.3,1.5,1.8,1.8,1.0,0.5,0.3, 8.8
176,Bilal Coulibaly,WAS,3,26.0,9.0,2.7,6.7,40.0,0.7,3.0,22.2,3.0,3.0,100,0.7,4.3,5.0,1.0,1.7,1.0,1.3, 12.3
176,Boogie Ellis,SAC,3,12.7,9.0,3.3,8.0,41.7,2.3,6.0,38.9,0.0,0.0,0.0,0.3,1.0,1.3,0.3,0.3,0.0,1.3, 5.0
176,Braxton Key,LAC,1,11.0,9.0,3.0,3.0,100,1.0,1.0,100,2.0,6.0,33.3,1.0,2.0,3.0,0.0,1.0,0.0,2.0, 7.0
176,CJ McCollum,NOP,3,19.0,9.0,3.3,10.0,33.3,2.3,7.3,31.8,0.0,0.0,0.0,0.7,3.3,4.0,1.7,0.3,0.7,1.0, 8.0
176,Caleb Daniels,MIA,1,17.0,9.0,3.0,6.0,50.0,2.0,3.0,66.7,1.0,2.0,50.0,1.0,8.0,9.0,0.0,0.0,0.0,1.0, 13.0
176,Collin Gillespie,PHX,5,12.8,9.0,2.8,5.4,51.9,1.2,2.8,42.9,2.2,2.6,84.6,0.2,1.6,1.8,3.2,0.6,0.4,1.4, 10.6
176,Cory Joseph,ORL,1,8.0,9.0,3.0,4.0,75.0,1.0,1.0,100,2.0,3.0,66.7,0.0,2.0,2.0,3.0,1.0,0.0,0.0, 13.0
176,De'Anthony Melton,GSW,5,18.4,9.0,3.6,8.2,43.9,1.8,4.6,39.1,0.0,0.0,0.0,0.6,2.2,2.8,3.4,1.0,0.2,1.6, 10.2
176,Enrique Freeman,IND,4,16.3,9.0,3.5,5.3,66.7,0.3,0.8,33.3,1.8,2.0,87.5,3.8,2.5,6.3,1.3,0.8,0.8,1.8, 14.3
176,Guerschon Yabusele,PHI,6,17.8,9.0,3.2,5.5,57.6,1.3,3.0,44.4,1.3,1.5,88.9,1.2,3.8,5.0,1.8,1.0,0.7,0.7, 14.3
176,Immanuel Quickley,TOR,1,24.0,9.0,4.0,7.0,57.1,1.0,2.0,50.0,0.0,1.0,0.0,0.0,3.0,3.0,10.0,0.0,0.0,3.0, 15.0
176,Jabari Walker,POR,2,20.5,9.0,3.5,6.5,53.8,1.5,2.0,75.0,0.5,2.0,25.0,1.0,4.5,5.5,2.0,1.0,0.0,0.5, 12.5
176,Jaime Jaquez Jr.,MIA,3,16.3,9.0,3.3,7.0,47.6,0.0,0.7,0.0,2.3,4.7,50.0,0.7,3.7,4.3,3.3,1.7,0.0,0.7, 11.7
176,Jordan Walsh,BOS,5,20.8,9.0,3.0,6.6,45.5,1.4,3.8,36.8,1.6,1.8,88.9,1.6,2.4,4.0,1.6,0.8,0.6,0.4, 11.8
176,Luke Kornet,BOS,4,18.5,9.0,4.3,5.8,73.9,0.0,0.0,0.0,0.5,0.5,100,2.8,3.8,6.5,1.8,0.5,0.3,0.3, 16.3
176,Noah Clowney,BKN,4,20.5,9.0,3.8,7.5,50.0,0.3,3.3,7.7,1.3,2.0,62.5,1.0,3.5,4.5,2.8,1.0,0.5,2.3, 11.0
176,Onyeka Okongwu,ATL,1,16.0,9.0,4.0,7.0,57.1,1.0,4.0,25.0,0.0,0.0,0.0,1.0,3.0,4.0,1.0,0.0,1.0,0.0, 12.0
176,Ricky Council IV,PHI,6,19.0,9.0,2.5,7.0,35.7,1.2,3.8,30.4,2.8,3.3,85.0,1.3,2.3,3.7,1.3,0.5,0.0,1.0, 8.5
176,Rob Dillingham,MIN,5,19.6,9.0,3.6,10.8,33.3,1.4,4.0,35.0,0.4,0.4,100,0.0,2.2,2.2,5.0,0.6,0.0,1.0, 8.6
198,Aaron Gordon,DEN,4,22.5,8.8,3.5,8.5,41.2,0.8,3.0,25.0,1.0,2.3,44.4,0.8,3.5,4.3,4.0,1.0,0.3,1.8, 10.3
198,Donovan Clingan,POR,4,20.5,8.8,4.3,8.3,51.5,0.3,1.3,20.0,0.0,0.3,0.0,4.5,7.0,11.5,1.5,0.3,2.0,1.5, 18.3
198,Jaden McDaniels,MIN,4,18.8,8.8,3.0,5.3,57.1,1.3,2.0,62.5,1.5,1.8,85.7,1.3,2.5,3.8,2.0,0.0,0.5,0.8, 11.8
198,Quincy Olivari,LAL,4,13.3,8.8,3.0,5.8,52.2,2.0,3.5,57.1,0.8,0.8,100,1.0,2.5,3.5,1.0,0.3,0.0,2.0, 8.8
202,Caris LeVert,CLE,3,21.3,8.7,3.0,9.0,33.3,1.0,5.3,18.8,1.7,2.7,62.5,0.3,2.7,3.0,5.0,0.7,0.0,2.0, 8.3
202,Lindy Waters III,GSW,6,14.5,8.7,2.7,5.5,48.5,1.8,4.2,44.0,1.5,1.7,90.0,0.3,3.5,3.8,0.7,0.3,0.3,0.5, 10.3
202,Malik Monk,SAC,3,19.7,8.7,3.0,9.7,31.0,0.7,4.7,14.3,2.0,2.0,100,0.3,2.0,2.3,1.0,1.0,0.7,2.0, 5.0
202,T.J. McConnell,IND,3,14.0,8.7,3.7,6.7,55.0,0.3,0.7,50.0,1.0,1.3,75.0,1.0,1.0,2.0,4.0,1.3,0.3,1.7, 11.3
206,Kyshawn George,WAS,5,20.8,8.6,3.2,6.0,53.3,1.8,4.0,45.0,0.4,0.4,100,0.4,2.8,3.2,2.8,1.2,0.8,1.2, 12.6
207,Brandon Williams,DAL,2,16.5,8.5,2.5,7.0,35.7,1.5,3.5,42.9,2.0,2.5,80.0,0.0,1.0,1.0,1.5,0.0,0.0,2.0, 4.0
207,Dereck Lively II,DAL,4,18.5,8.5,3.3,4.3,76.5,0.0,0.3,0.0,2.0,3.0,66.7,2.0,3.5,5.5,2.0,0.8,1.8,1.3, 15.3
207,James Wiseman,IND,4,12.8,8.5,4.3,6.0,70.8,0.0,0.3,0.0,0.0,1.8,0.0,2.0,3.8,5.8,0.5,0.0,0.0,0.5, 10.8
207,KJ Martin,PHI,6,21.5,8.5,3.8,6.0,63.9,0.2,0.3,50.0,0.7,1.0,66.7,1.3,2.0,3.3,1.3,1.0,0.3,0.8, 11.2
207,Quentin Grimes,DAL,4,20.0,8.5,3.0,7.8,38.7,1.0,4.0,25.0,1.5,1.8,85.7,0.5,4.8,5.3,2.8,0.5,0.3,1.8, 10.5
212,Christian Braun,DEN,5,24.4,8.4,2.6,7.0,37.1,0.4,3.0,13.3,2.8,4.0,70.0,1.2,3.4,4.6,2.0,0.4,0.6,1.4, 9.0
212,Kel'el Ware,MIA,5,14.6,8.4,3.4,7.4,45.9,0.4,2.2,18.2,1.2,2.4,50.0,1.0,3.6,4.6,0.6,1.2,1.2,0.4, 10.4
212,Royce O'Neale,PHX,5,16.8,8.4,3.2,6.4,50.0,1.4,4.2,33.3,0.6,0.8,75.0,0.6,3.6,4.2,2.2,0.6,1.0,1.2, 11.8
212,Simone Fontecchio,DET,5,18.4,8.4,3.0,7.8,38.5,1.8,5.0,36.0,0.6,0.6,100,1.0,2.2,3.2,0.8,0.2,0.0,0.8, 7.0
216,Keon Johnson,BKN,3,16.0,8.3,3.3,8.3,40.0,1.0,4.3,23.1,0.7,1.0,66.7,1.3,3.0,4.3,2.3,1.0,0.3,1.0, 10.0
216,Obi Toppin,IND,3,16.7,8.3,3.3,5.7,58.8,0.0,2.0,0.0,1.7,2.7,62.5,0.7,2.0,2.7,1.3,2.0,0.3,1.3, 10.0
218,Aaron Wiggins,OKC,4,20.0,8.3,3.5,7.3,48.3,0.8,2.8,27.3,0.5,1.3,40.0,0.3,3.5,3.8,2.5,1.5,0.3,1.0, 10.8
218,Dean Wade,CLE,4,21.8,8.3,2.8,6.8,40.7,1.8,5.5,31.8,1.0,1.0,100,1.0,3.3,4.3,1.8,0.8,1.0,0.0, 12.0
218,Jabari Smith Jr.,HOU,4,23.8,8.3,3.8,8.3,45.5,0.5,2.5,20.0,0.3,0.5,50.0,2.3,4.3,6.5,2.0,0.0,0.5,2.0, 10.5
221,Ivica Zubac,LAC,5,18.4,8.2,3.2,5.4,59.3,0.0,0.0,0.0,1.8,2.0,90.0,1.2,4.6,5.8,1.2,1.0,0.6,0.8, 13.6
221,Jamal Shead,TOR,5,15.2,8.2,2.6,6.6,39.4,0.4,2.6,15.4,2.6,2.8,92.9,0.0,0.0,0.0,3.2,1.0,0.0,0.8, 7.4
221,Monté Morris,PHX,5,17.0,8.2,3.0,6.2,48.4,1.2,3.0,40.0,1.0,1.0,100,0.0,2.6,2.6,4.0,1.2,0.2,0.2, 12.8
224,Clint Capela,ATL,3,16.0,8.0,3.0,5.3,56.3,0.0,0.0,0.0,2.0,2.3,85.7,2.0,5.0,7.0,1.3,0.0,0.3,0.0, 14.0
224,Daniel Gafford,DAL,4,15.5,8.0,3.5,5.3,66.7,0.0,0.0,0.0,1.0,1.3,80.0,1.5,3.5,5.0,1.5,0.5,2.0,1.0, 14.0
224,Dario Šarić,DEN,5,15.4,8.0,3.0,5.6,53.6,0.2,1.6,12.5,1.8,2.2,81.8,1.2,3.4,4.6,2.0,0.4,0.0,1.0, 11.0
224,Haywood Highsmith,MIA,4,16.8,8.0,3.0,5.5,54.5,1.3,2.5,50.0,0.8,1.3,60.0,1.0,2.5,3.5,0.5,0.8,0.3,0.8, 9.3
224,Jesse Edwards,MIN,2,15.0,8.0,2.5,4.0,62.5,0.0,0.0,0.0,3.0,4.5,66.7,2.5,1.0,3.5,0.0,1.5,0.0,2.0, 8.0
224,Kai Jones,LAC,5,24.2,8.0,3.6,5.4,66.7,0.0,0.0,0.0,0.8,1.6,50.0,1.8,3.2,5.0,1.4,1.4,2.4,1.6, 14.0
224,Nassir Little,MIA,2,23.5,8.0,2.0,7.0,28.6,2.0,4.0,50.0,2.0,3.0,66.7,1.0,2.0,3.0,1.5,1.0,0.0,2.0, 5.5
224,P.J. Washington,DAL,2,20.5,8.0,2.5,6.5,38.5,0.5,2.0,25.0,2.5,3.0,83.3,1.0,4.0,5.0,0.5,2.5,0.5,2.5, 9.5
224,Rudy Gobert,MIN,3,21.7,8.0,3.0,5.0,60.0,0.0,0.0,0.0,2.0,3.0,66.7,2.0,7.7,9.7,1.0,0.3,0.0,1.7, 14.3
233,Adam Flagler,OKC,5,17.4,7.8,2.8,7.2,38.9,1.8,4.8,37.5,0.4,0.4,100,0.2,1.4,1.6,1.2,0.6,0.0,0.0, 6.8
233,Carlton Carrington,WAS,5,22.2,7.8,2.8,8.0,35.0,1.2,4.2,28.6,1.0,1.4,71.4,0.6,3.8,4.4,1.4,0.2,0.0,2.4, 5.8
233,Keon Ellis,SAC,5,22.8,7.8,3.0,6.6,45.5,1.0,3.4,29.4,0.8,0.8,100,1.4,0.8,2.2,2.4,1.2,0.2,1.0, 9.2
236,Andrew Nembhard,IND,4,18.0,7.8,2.8,6.3,44.0,0.8,2.3,33.3,1.5,1.8,85.7,0.5,1.5,2.0,2.8,0.5,0.0,0.5, 8.8
236,Cole Swider,DET,4,16.5,7.8,2.5,7.3,34.5,1.8,5.5,31.8,1.0,1.0,100,0.3,3.5,3.8,1.3,0.3,0.0,0.3, 8.0
236,Derrick Jones Jr.,LAC,4,17.0,7.8,2.8,5.8,47.8,0.3,2.0,12.5,2.0,2.5,80.0,0.0,1.3,1.3,0.3,0.5,1.0,1.0, 6.3
236,Quenton Jackson,IND,4,10.0,7.8,2.8,3.8,73.3,0.3,0.3,100,2.0,2.3,88.9,1.0,1.3,2.3,1.8,0.8,0.3,1.3, 10.3
236,Ty Jerome,CLE,4,16.8,7.8,2.5,7.3,34.5,1.0,4.0,25.0,1.8,2.0,87.5,0.5,2.5,3.0,3.0,0.3,0.0,1.5, 7.5
241,Dorian Finney-Smith,BKN,3,23.7,7.7,2.0,5.7,35.3,1.0,4.0,25.0,2.7,3.3,80.0,1.0,2.7,3.7,1.7,1.3,0.3,1.0, 9.3
241,Malcolm Hill,NOP,3,8.0,7.7,2.0,4.7,42.9,1.0,3.3,30.0,2.7,2.7,100,0.3,0.3,0.7,0.0,0.0,0.0,0.0, 5.7
241,Riley Minix,SAS,3,7.7,7.7,2.7,4.0,66.7,1.3,2.3,57.1,1.0,1.0,100,0.3,1.7,2.0,0.0,0.0,0.0,0.0, 8.3
244,Harrison Barnes,SAS,5,23.4,7.6,2.2,6.0,36.7,1.2,3.6,33.3,2.0,2.2,90.9,1.2,2.2,3.4,1.4,0.2,0.2,1.8, 7.0
244,Josh Christopher,MIA,5,13.6,7.6,2.6,6.6,39.4,1.0,2.8,35.7,1.4,1.4,100,1.0,1.2,2.2,3.0,2.0,0.0,2.0, 8.8
244,Max Christie,LAL,5,23.0,7.6,2.6,6.6,39.4,1.2,4.0,30.0,1.2,1.2,100,0.4,3.2,3.6,0.8,0.6,0.4,1.4, 7.6
244,Ronald Holland II,DET,5,22.8,7.6,2.6,7.0,37.1,0.2,1.8,11.1,2.2,2.8,78.6,0.8,2.8,3.6,2.8,0.8,0.6,1.6, 8.8
248,Gary Trent Jr.,MIL,4,19.3,7.5,3.3,7.8,41.9,1.0,2.5,40.0,0.0,0.0,0.0,0.3,1.5,1.8,1.3,1.0,0.0,1.0, 6.0
248,Georges Niang,CLE,4,16.3,7.5,2.8,6.5,42.3,1.0,3.8,26.7,1.0,1.0,100,0.0,2.8,2.8,0.8,0.3,0.0,0.3, 7.3
248,Jack McVeigh,HOU,2,8.0,7.5,3.0,5.0,60.0,1.5,2.5,60.0,0.0,0.0,0.0,1.5,1.5,3.0,0.0,0.0,0.0,0.5, 8.0
248,Naji Marshall,DAL,4,20.8,7.5,2.8,7.8,35.5,0.8,1.8,42.9,1.3,1.5,83.3,0.8,4.0,4.8,1.8,0.8,0.0,1.3, 8.3
252,Jahmi'us Ramsey,TOR,5,12.8,7.4,2.2,5.6,39.3,1.0,2.4,41.7,2.0,2.4,83.3,0.0,1.0,1.0,0.4,0.2,0.0,1.6, 3.6
253,Franz Wagner,ORL,3,20.7,7.3,2.7,9.0,29.6,0.0,2.3,0.0,2.0,2.7,75.0,0.7,1.7,2.3,1.3,1.0,0.0,1.7, 3.3
253,Fred VanVleet,HOU,3,22.7,7.3,2.0,7.7,26.1,1.3,5.7,23.5,2.0,3.3,60.0,0.3,1.3,1.7,7.3,1.0,0.3,0.7, 10.0
253,Jordan McLaughlin,SAC,3,22.3,7.3,3.0,7.0,42.9,1.0,3.7,27.3,0.3,0.7,50.0,1.3,1.7,3.0,4.0,2.7,0.0,2.3, 10.3
256,Duncan Robinson,MIA,4,17.3,7.3,3.0,6.3,48.0,1.3,4.0,31.3,0.0,0.0,0.0,0.0,2.0,2.0,2.5,0.5,0.0,1.8, 7.3
256,Garrison Mathews,ATL,4,16.3,7.3,2.5,8.0,31.3,2.3,6.8,33.3,0.0,0.0,0.0,0.0,0.5,0.5,1.0,1.0,0.0,0.5, 3.8
256,Lonnie Walker IV,BOS,4,16.5,7.3,3.0,7.0,42.9,1.3,4.0,31.3,0.0,0.0,0.0,0.3,1.3,1.5,2.5,0.5,0.3,0.5, 7.5
256,Patrick Williams,CHI,4,19.5,7.3,3.0,7.8,38.7,1.0,3.8,26.7,0.3,0.5,50.0,0.5,3.8,4.3,1.5,0.5,0.3,2.0, 6.8
256,Terry Rozier,MIA,4,19.8,7.3,3.3,9.5,34.2,0.5,3.8,13.3,0.3,0.5,50.0,1.3,2.5,3.8,3.3,0.5,1.0,1.3, 8.0
261,Brandon Clarke,MEM,4,16.5,7.0,3.0,6.3,48.0,0.8,2.3,33.3,0.3,1.3,20.0,0.5,1.3,1.8,2.0,1.0,0.5,0.5, 7.5
261,Caleb Martin,PHI,5,19.6,7.0,2.0,5.6,35.7,0.8,2.0,40.0,2.2,2.2,100,1.0,1.6,2.6,1.2,0.0,0.6,1.4, 6.4
261,Charles Bassey,SAS,2,12.0,7.0,3.5,5.0,70.0,0.0,0.0,0.0,0.0,0.0,0.0,1.0,3.5,4.5,0.5,0.0,0.5,1.0, 10.0
261,Chris Paul,SAS,3,25.0,7.0,2.7,6.0,44.4,1.7,3.3,50.0,0.0,0.0,0.0,0.3,2.0,2.3,5.3,1.0,0.0,2.7, 9.7
261,Cole Anthony,ORL,3,12.7,7.0,2.0,6.3,31.6,0.7,3.7,18.2,2.3,2.3,100,0.0,1.7,1.7,1.7,1.3,0.0,2.0, 5.3
261,Daishen Nix,MIN,4,12.5,7.0,2.3,5.0,45.0,0.8,2.0,37.5,1.8,3.5,50.0,0.5,1.0,1.5,1.3,0.8,0.0,1.0, 5.0
261,Drew Eubanks,UTA,4,16.0,7.0,2.3,3.0,75.0,0.0,0.0,0.0,2.5,3.0,83.3,1.0,3.5,4.5,0.3,0.5,1.0,0.5, 11.5
261,Goga Bitadze,ORL,3,14.3,7.0,3.3,5.7,58.8,0.3,0.7,50.0,0.0,0.7,0.0,3.3,5.7,9.0,0.3,0.0,2.0,0.3, 15.0
261,Grayson Allen,PHX,1,21.0,7.0,2.0,7.0,28.6,1.0,4.0,25.0,2.0,2.0,100,0.0,2.0,2.0,1.0,1.0,0.0,3.0, 3.0
261,Isaiah Hartenstein,OKC,3,18.0,7.0,2.7,5.0,53.3,0.0,0.3,0.0,1.7,3.7,45.5,2.0,4.7,6.7,4.3,1.0,1.0,2.3, 13.3
261,JD Davison,BOS,5,13.2,7.0,2.0,4.4,45.5,1.2,2.8,42.9,1.8,2.2,81.8,0.2,1.2,1.4,2.4,0.8,0.6,1.2, 8.2
261,Jaylon Tyson,CLE,4,16.0,7.0,2.3,4.3,52.9,0.3,1.0,25.0,2.3,2.5,90.0,0.8,3.5,4.3,1.3,0.5,0.5,2.3, 9.0
261,Kenneth Lofton Jr.,CHI,1,15.0,7.0,1.0,3.0,33.3,1.0,3.0,33.3,4.0,4.0,100,1.0,7.0,8.0,2.0,1.0,0.0,2.0, 14.0
261,Klay Thompson,DAL,3,19.0,7.0,2.3,9.7,24.1,2.0,6.0,33.3,0.3,0.7,50.0,0.3,2.7,3.0,2.0,0.0,0.3,1.7, 3.0
261,Larry Nance Jr.,ATL,3,19.7,7.0,2.7,5.0,53.3,0.7,2.0,33.3,1.0,2.3,42.9,2.7,3.0,5.7,2.0,1.3,0.0,1.0, 11.3
261,Moussa Diabate,CHA,5,18.2,7.0,2.8,4.0,70.0,0.0,0.0,0.0,1.4,2.8,50.0,2.0,3.0,5.0,1.4,1.4,0.8,1.0, 12.0
261,Nick Richards,CHA,5,17.8,7.0,2.6,4.2,61.9,0.0,0.0,0.0,1.8,2.0,90.0,2.4,4.6,7.0,0.2,0.2,1.2,1.8, 12.0
261,Nikola Jović,MIA,5,18.2,7.0,2.4,5.6,42.9,1.0,3.4,29.4,1.2,1.2,100,0.0,2.0,2.0,2.4,1.0,0.2,0.8, 8.6
261,Pelle Larsson,MIA,5,15.6,7.0,2.2,6.2,35.5,1.0,2.6,38.5,1.6,1.6,100,0.6,1.2,1.8,2.0,0.8,0.0,1.0, 6.6
261,Tari Eason,HOU,2,14.5,7.0,3.0,6.0,50.0,0.5,2.5,20.0,0.5,1.0,50.0,0.5,4.5,5.0,1.5,0.5,0.0,2.0, 8.5
261,Tre Jones,SAS,4,20.5,7.0,2.8,4.3,64.7,0.3,1.0,25.0,1.3,1.8,71.4,0.5,2.5,3.0,5.3,1.5,0.0,0.5, 14.3
261,Walker Kessler,UTA,6,22.3,7.0,3.2,4.2,76.0,0.0,0.0,0.0,0.7,2.0,33.3,2.5,6.5,9.0,1.5,0.3,1.8,1.7, 15.7
261,Wendell Carter Jr.,ORL,2,20.5,7.0,3.5,5.5,63.6,0.0,2.0,0.0,0.0,0.0,0.0,1.5,5.0,6.5,1.0,0.5,0.5,0.5, 13.0
284,Cody Williams,UTA,6,23.8,6.8,2.2,5.3,40.6,0.7,2.5,26.7,1.8,2.3,78.6,0.7,1.8,2.5,1.7,0.5,0.3,1.2, 7.0
285,Isaiah Stewart,DET,5,15.0,6.8,2.6,4.2,61.9,0.6,1.4,42.9,1.0,1.2,83.3,0.4,2.2,2.6,1.0,0.2,0.6,1.0, 8.4
285,Jared Butler,WAS,5,14.4,6.8,3.0,5.6,53.6,0.4,0.8,50.0,0.4,0.6,66.7,0.0,0.6,0.6,4.2,0.6,0.2,1.6, 8.0
285,Malik Beasley,DET,5,19.8,6.8,2.6,7.4,35.1,1.6,5.0,32.0,0.0,0.0,0.0,0.0,2.0,2.0,1.4,1.2,0.0,0.8, 5.8
285,Terance Mann,LAC,5,15.2,6.8,2.8,4.0,70.0,0.6,1.4,42.9,0.6,1.8,33.3,0.4,2.6,3.0,0.4,1.0,0.0,1.0, 7.8
285,Zeke Nnaji,DEN,5,16.8,6.8,2.4,4.4,54.5,1.2,2.2,54.5,0.8,1.2,66.7,0.4,2.4,2.8,0.6,0.8,0.8,0.6, 8.8
290,Cason Wallace,OKC,4,22.5,6.8,3.0,7.0,42.9,0.8,3.3,23.1,0.0,0.0,0.0,1.0,3.8,4.8,2.0,1.8,0.3,1.0, 10.5
290,Marvin Bagley III,WAS,4,16.3,6.8,2.3,4.8,47.4,0.5,0.5,100,1.8,2.3,77.8,1.5,3.5,5.0,1.8,0.0,0.5,1.8, 9.3
290,Nickeil Alexander-Walker,MIN,4,17.5,6.8,2.3,7.0,32.1,1.0,4.0,25.0,1.3,1.3,100,1.3,1.3,2.5,1.8,1.0,0.5,2.0, 5.8
290,Xavier Tillman,BOS,4,17.3,6.8,2.3,4.8,47.4,1.5,2.8,54.5,0.8,1.0,75.0,1.8,3.5,5.3,1.3,1.0,0.8,0.3, 12.0
294,Alec Burks,MIA,3,16.3,6.7,2.7,4.0,66.7,1.3,2.3,57.1,0.0,0.0,0.0,0.0,2.0,2.0,1.7,0.7,0.7,0.3, 10.0
294,Jaylen Martin,BKN,3,10.7,6.7,3.0,5.0,60.0,0.3,0.7,50.0,0.3,1.0,33.3,1.7,1.0,2.7,1.0,0.0,0.0,0.7, 7.0
294,Jose Alvarado,NOP,3,17.7,6.7,3.0,7.3,40.9,0.7,4.3,15.4,0.0,0.0,0.0,0.7,2.0,2.7,3.0,1.7,0.7,3.0, 7.3
294,Jrue Holiday,BOS,3,16.0,6.7,3.0,5.7,52.9,0.7,2.7,25.0,0.0,0.0,0.0,0.7,1.3,2.0,0.7,1.0,0.3,0.7, 7.3
294,Taylor Hendricks,UTA,6,25.7,6.7,2.5,6.3,39.5,1.0,3.8,26.1,0.7,0.8,80.0,1.0,3.2,4.2,1.0,0.7,0.8,1.3, 8.0
294,Trayce Jackson-Davis,GSW,6,21.2,6.7,3.0,4.3,69.2,0.0,0.0,0.0,0.7,1.2,57.1,1.7,4.5,6.2,2.7,0.3,1.7,1.2, 14.5
300,Aaron Estrada,DET,2,8.0,6.5,2.0,4.0,50.0,0.5,1.5,33.3,2.0,2.0,100,0.0,0.0,0.0,1.0,1.0,0.0,0.0, 6.5
300,Jermaine Samuels Jr.,HOU,2,9.0,6.5,1.0,2.5,40.0,1.0,2.0,50.0,3.5,4.0,87.5,1.0,0.5,1.5,0.5,0.0,0.0,1.0, 5.5
300,Jonas Valančiūnas,WAS,4,18.0,6.5,2.0,4.5,44.4,0.0,0.5,0.0,2.5,3.5,71.4,1.5,4.0,5.5,1.5,0.0,0.5,2.8, 7.8
300,Nate Darling,LAC,2,13.5,6.5,2.5,5.5,45.5,1.5,4.0,37.5,0.0,0.0,0.0,0.5,0.5,1.0,0.5,0.5,0.0,0.5, 5.0
300,Reed Sheppard,HOU,4,21.3,6.5,3.0,6.8,44.4,0.5,2.8,18.2,0.0,0.3,0.0,1.3,1.8,3.0,2.5,1.0,1.0,1.3, 8.8
305,Gabe Vincent,LAL,5,14.0,6.4,2.4,5.6,42.9,1.2,3.2,37.5,0.4,0.4,100,0.0,0.6,0.6,1.0,0.2,0.0,1.0, 4.0
305,Jamison Battle,TOR,5,9.8,6.4,2.4,4.4,54.5,1.6,2.8,57.1,0.0,0.0,0.0,0.8,0.2,1.0,1.0,0.2,0.0,0.0, 6.6
305,Kobe Brown,LAC,5,20.4,6.4,2.6,5.0,52.0,0.6,2.2,27.3,0.6,0.6,100,1.6,4.4,6.0,2.2,1.2,0.2,1.2, 12.4
308,Brook Lopez,MIL,3,18.0,6.3,2.3,4.0,58.3,1.3,3.0,44.4,0.3,0.3,100,0.3,2.7,3.0,1.0,0.7,2.0,0.7, 10.7
308,Dalen Terry,CHI,3,21.3,6.3,2.3,6.0,38.9,0.3,2.3,14.3,1.3,2.7,50.0,1.0,3.3,4.3,4.3,1.3,1.0,2.0, 10.3
308,Josh Okogie,PHX,3,14.3,6.3,2.7,6.0,44.4,0.7,2.0,33.3,0.3,0.7,50.0,0.3,2.0,2.3,1.3,1.0,0.0,1.0, 6.3
311,Pat Connaughton,MIL,4,16.3,6.3,2.5,4.8,52.6,1.3,3.0,41.7,0.0,0.0,0.0,0.0,2.5,2.5,2.5,0.5,0.0,0.3, 9.3
311,Seth Curry,CHA,4,14.3,6.3,2.3,4.3,52.9,1.8,3.3,53.8,0.0,0.0,0.0,0.0,1.5,1.5,1.8,0.5,0.0,0.3, 7.8
311,Sidy Cissoko,SAS,4,17.0,6.3,2.5,3.3,76.9,0.5,1.0,50.0,0.8,2.0,37.5,0.5,2.8,3.3,1.3,0.0,0.5,1.3, 8.0
311,Spencer Dinwiddie,DAL,4,17.8,6.3,2.0,6.8,29.6,0.8,2.8,27.3,1.5,2.3,66.7,0.0,1.0,1.0,1.5,1.3,0.0,1.8, 2.8
311,Wendell Moore Jr.,DET,4,12.3,6.3,2.0,3.3,61.5,0.8,1.0,75.0,1.5,1.5,100,0.5,2.8,3.3,0.5,0.8,0.5,0.5, 9.5
316,Draymond Green,GSW,5,17.2,6.2,2.2,4.0,55.0,0.6,1.6,37.5,1.2,1.4,85.7,0.6,3.2,3.8,3.0,0.4,0.6,1.8, 10.2
316,Patrick Baldwin Jr.,WAS,5,14.0,6.2,2.4,4.6,52.2,1.0,2.8,35.7,0.4,1.2,33.3,0.4,1.6,2.0,0.6,1.2,0.6,1.0, 6.6
318,Aaron Holiday,HOU,4,9.5,6.0,1.8,4.0,43.8,0.5,2.3,22.2,2.0,3.0,66.7,0.0,1.3,1.3,0.5,0.5,0.0,0.8, 4.3
318,Bogdan Bogdanović,ATL,1,19.0,6.0,2.0,11.0,18.2,2.0,8.0,25.0,0.0,0.0,0.0,0.0,2.0,2.0,2.0,0.0,1.0,1.0, 1.0
318,Duane Washington Jr.,CHA,2,10.0,6.0,2.5,6.5,38.5,0.5,2.0,25.0,0.5,2.5,20.0,0.0,0.0,0.0,0.5,0.0,0.0,1.5, -1.0
318,Duop Reath,POR,4,14.0,6.0,2.3,6.5,34.6,1.5,4.3,35.3,0.0,0.5,0.0,0.5,2.0,2.5,0.8,1.3,0.3,1.0, 5.0
318,Gary Harris,ORL,2,15.0,6.0,2.0,2.5,80.0,1.5,1.5,100,0.5,1.0,50.0,0.0,0.5,0.5,0.5,0.5,0.0,0.5, 6.0
318,Jahmir Young,DEN,2,11.0,6.0,2.5,3.5,71.4,0.0,0.5,0.0,1.0,2.0,50.0,0.0,1.0,1.0,2.0,0.0,0.0,1.5, 5.5
318,Jamal Cain,NOP,3,11.7,6.0,2.3,4.7,50.0,0.3,1.3,25.0,1.0,1.7,60.0,1.0,2.7,3.7,0.0,0.0,1.0,1.3, 6.3
318,Miles Norris,MEM,1,6.0,6.0,2.0,2.0,100,2.0,2.0,100,0.0,0.0,0.0,1.0,1.0,2.0,1.0,1.0,0.0,1.0, 9.0
318,Sam Merrill,CLE,2,15.0,6.0,1.5,6.5,23.1,1.5,6.5,23.1,1.5,1.5,100,0.0,2.0,2.0,1.0,0.0,0.0,0.5, 3.5
318,Terrence Shannon Jr.,MIN,5,17.4,6.0,1.8,5.4,33.3,0.0,2.0,0.0,2.4,2.8,85.7,0.2,2.2,2.4,2.2,0.4,0.0,1.2, 5.8
328,Jaxson Hayes,LAL,6,20.0,5.8,2.5,4.5,55.6,0.0,0.0,0.0,0.8,1.8,45.5,2.3,3.7,6.0,1.8,0.7,1.0,0.7, 11.7
328,Jeff Dowtin Jr.,PHI,6,15.0,5.8,2.3,5.3,43.8,0.5,2.2,23.1,0.7,1.5,44.4,0.5,1.5,2.0,3.0,0.8,0.0,0.7, 7.2
330,Alex Ducas,OKC,5,16.0,5.8,2.2,5.6,39.3,1.0,3.6,27.8,0.4,0.8,50.0,0.0,1.6,1.6,0.6,0.4,0.4,0.8, 4.2
330,Bruno Fernando,TOR,5,14.0,5.8,2.4,4.6,52.2,0.0,0.2,0.0,1.0,1.2,83.3,1.6,3.4,5.0,0.8,1.0,0.4,1.6, 9.0
330,John Konchar,MEM,5,21.8,5.8,1.8,4.4,40.9,0.6,2.6,23.1,1.6,1.8,88.9,2.2,2.8,5.0,2.0,1.0,1.0,0.8, 11.2
330,Lester Quinones,PHI,5,13.6,5.8,2.0,6.0,33.3,1.2,4.0,30.0,0.6,0.8,75.0,0.6,1.8,2.4,0.6,0.8,0.2,0.6, 5.0
330,Neemias Queta,BOS,5,14.8,5.8,2.0,3.4,58.8,0.0,0.2,0.0,1.8,2.0,90.0,1.4,4.4,5.8,2.0,0.2,0.8,1.0, 12.0
335,Charlie Brown Jr.,CHA,4,13.0,5.8,2.0,3.8,53.3,0.8,2.5,30.0,1.0,1.0,100,0.3,1.0,1.3,1.0,1.5,0.3,0.5, 7.5
335,Tristen Newton,IND,4,14.8,5.8,1.5,4.5,33.3,1.0,2.8,36.4,1.8,2.8,63.6,0.5,1.8,2.3,3.5,1.5,0.0,2.5, 6.5
337,Aaron Nesmith,IND,3,16.7,5.7,2.0,5.3,37.5,1.0,2.7,37.5,0.7,0.7,100,0.3,1.3,1.7,1.0,0.3,0.7,0.7, 5.3
337,Ben Simmons,BKN,3,17.3,5.7,2.7,4.7,57.1,0.0,0.0,0.0,0.3,0.7,50.0,1.3,3.7,5.0,3.7,0.3,0.3,1.0, 11.7
337,Daniel Theis,NOP,3,17.7,5.7,2.3,4.3,53.8,0.3,1.0,33.3,0.7,0.7,100,1.3,0.3,1.7,0.7,0.7,0.3,1.3, 5.7
337,T.J. Warren,NYK,3,10.0,5.7,1.7,2.7,62.5,0.3,1.3,25.0,2.0,2.0,100,1.0,1.7,2.7,0.7,0.0,0.0,0.3, 7.7
337,Tristan da Silva,ORL,3,14.3,5.7,2.0,4.3,46.2,0.7,2.0,33.3,1.0,1.3,75.0,0.7,1.7,2.3,0.7,0.0,0.3,0.3, 6.0
342,Oso Ighodaro,PHX,5,24.4,5.6,2.8,5.0,56.0,0.0,0.2,0.0,0.0,0.0,0.0,1.2,2.8,4.0,2.6,0.4,1.2,1.6, 10.0
343,Craig Porter Jr.,CLE,4,13.3,5.5,2.0,5.0,40.0,0.8,1.8,42.9,0.8,1.0,75.0,0.8,1.0,1.8,2.3,0.3,0.5,1.5, 5.5
343,Elijah Harkless,LAC,2,10.5,5.5,2.5,5.0,50.0,0.5,2.0,25.0,0.0,0.0,0.0,0.0,1.5,1.5,0.5,1.0,0.5,0.0, 6.5
343,JT Thor,CLE,4,10.3,5.5,1.5,3.5,42.9,0.3,0.8,33.3,2.3,3.0,75.0,1.3,1.3,2.5,0.5,0.5,0.5,0.0, 6.8
343,Jarrett Culver,ORL,2,9.0,5.5,2.0,4.0,50.0,0.5,1.0,50.0,1.0,1.0,100,1.5,1.5,3.0,0.0,0.0,0.5,0.5, 6.5
343,Justin Champagnie,WAS,4,14.5,5.5,1.8,3.8,46.7,0.3,1.3,20.0,1.8,2.3,77.8,0.8,1.8,2.5,0.0,0.0,0.8,1.3, 5.0
343,Taylor Funk,WAS,2,9.5,5.5,2.0,5.5,36.4,1.5,5.0,30.0,0.0,0.0,0.0,1.0,1.5,2.5,1.0,0.0,0.0,0.5, 5.0
343,Zyon Pullin,MIA,2,16.5,5.5,2.0,4.5,44.4,0.5,2.0,25.0,1.0,1.5,66.7,0.5,2.5,3.0,2.0,1.0,0.0,1.0, 7.5
350,Alex Len,SAC,5,16.2,5.4,2.2,4.2,52.4,0.2,0.4,50.0,0.8,1.2,66.7,1.8,4.2,6.0,1.4,0.2,0.4,1.6, 9.4
350,Daniss Jenkins,DET,5,13.0,5.4,2.2,6.4,34.4,1.0,2.8,35.7,0.0,0.2,0.0,0.4,2.2,2.6,1.6,0.8,0.2,1.4, 4.8
350,Thomas Bryant,MIA,5,10.2,5.4,2.4,4.6,52.2,0.2,2.0,10.0,0.4,0.4,100,0.6,1.8,2.4,0.6,0.6,0.2,1.0, 6.0
350,Trey Alexander,DEN,5,14.2,5.4,1.6,5.2,30.8,0.4,1.6,25.0,1.8,2.2,81.8,0.4,2.4,2.8,2.4,1.0,0.0,1.6, 6.0
354,Ryan Rollins,MIL,3,10.3,5.3,2.0,4.7,42.9,1.3,2.7,50.0,0.0,0.0,0.0,0.3,2.0,2.3,1.7,0.3,0.3,1.3, 6.0
354,Yves Missi,NOP,3,16.7,5.3,2.0,2.7,75.0,0.0,0.0,0.0,1.3,2.3,57.1,1.0,2.0,3.0,0.7,1.0,2.0,1.0, 9.3
356,AJ Johnson,MIL,4,23.5,5.3,2.0,11.5,17.4,0.8,3.5,21.4,0.5,0.8,66.7,1.0,2.0,3.0,4.3,0.0,0.0,2.8, 0.0
356,Anžejs Pasečņiks,MIL,4,13.3,5.3,2.5,4.3,58.8,0.0,0.0,0.0,0.3,0.8,33.3,1.0,3.0,4.0,1.3,1.0,0.0,1.3, 8.0
356,Leonard Miller,MIN,4,12.3,5.3,2.0,4.0,50.0,0.5,1.5,33.3,0.8,0.8,100,0.5,4.0,4.5,0.8,0.5,0.5,0.8, 8.8
359,Johnny Davis,WAS,5,14.0,5.2,1.6,3.8,42.1,0.2,1.0,20.0,1.8,3.2,56.3,0.6,1.0,1.6,1.6,0.6,0.2,0.4, 5.2
360,Cody Martin,CHA,1,8.0,5.0,2.0,3.0,66.7,1.0,2.0,50.0,0.0,1.0,0.0,3.0,1.0,4.0,0.0,0.0,1.0,1.0, 7.0
360,Cormac Ryan,OKC,3,10.3,5.0,2.0,4.0,50.0,1.0,2.0,50.0,0.0,0.0,0.0,0.0,0.7,0.7,1.0,0.3,0.0,0.0, 5.0
360,Emanuel Miller,DAL,3,9.3,5.0,2.0,2.7,75.0,0.0,0.3,0.0,1.0,1.0,100,0.0,1.3,1.3,0.3,0.0,0.7,0.0, 6.7
360,Eric Gordon,PHI,5,12.6,5.0,1.8,5.0,36.0,1.2,2.8,42.9,0.2,0.2,100,0.2,0.6,0.8,0.4,0.4,0.2,0.4, 3.2
360,Keita Bates-Diop,MIN,2,12.5,5.0,2.0,4.5,44.4,1.0,2.0,50.0,0.0,0.0,0.0,1.0,1.5,2.5,0.0,0.0,0.0,1.5, 3.5
360,Keshad Johnson,MIA,4,14.8,5.0,2.3,4.8,47.4,0.5,2.3,22.2,0.0,0.3,0.0,0.5,1.5,2.0,0.8,1.0,0.5,1.0, 5.5
360,Kevon Looney,GSW,6,14.2,5.0,2.2,3.5,61.9,0.0,0.2,0.0,0.7,0.8,80.0,0.7,3.0,3.7,2.3,1.0,1.0,0.5, 11.0
360,Keyontae Johnson,CHA,5,15.6,5.0,2.0,5.0,40.0,0.4,1.6,25.0,0.6,0.6,100,1.4,1.4,2.8,0.8,0.6,0.0,0.4, 5.8
360,Luguentz Dort,OKC,3,19.0,5.0,2.0,4.3,46.2,0.3,1.7,20.0,0.7,0.7,100,0.3,2.3,2.7,1.7,0.7,1.0,0.7, 8.0
360,Malevy Leons,OKC,4,13.5,5.0,2.3,3.3,69.2,0.0,0.3,0.0,0.5,0.5,100,2.0,1.8,3.8,0.8,1.5,0.3,0.3, 10.0
360,Marcus Smart,MEM,3,20.3,5.0,1.0,3.0,33.3,0.3,1.3,25.0,2.7,3.0,88.9,0.3,0.7,1.0,3.3,1.3,0.3,2.3, 6.3
360,Micah Potter,UTA,1,10.0,5.0,2.0,3.0,66.7,1.0,2.0,50.0,0.0,0.0,0.0,0.0,2.0,2.0,1.0,0.0,0.0,1.0, 6.0
360,Torrey Craig,CHI,3,16.0,5.0,2.0,5.0,40.0,1.0,3.3,30.0,0.0,0.0,0.0,0.7,1.3,2.0,0.3,0.3,0.0,1.0, 3.7
360,Vít Krejčí,ATL,4,23.3,5.0,2.0,4.8,42.1,1.0,3.3,30.8,0.0,0.0,0.0,0.8,1.8,2.5,3.5,1.0,0.3,2.0, 7.5
360,Zhaire Smith,CLE,1,4.0,5.0,2.0,2.0,100,0.0,0.0,0.0,1.0,2.0,50.0,0.0,0.0,0.0,0.0,1.0,0.0,0.0, 5.0
375,Justin Edwards,PHI,6,13.2,4.8,1.8,4.5,40.7,0.2,2.2,7.7,1.0,1.2,85.7,0.2,2.0,2.2,0.5,0.5,0.0,0.7, 4.5
376,Bol Bol,PHX,5,16.6,4.8,1.8,4.4,40.9,1.0,2.4,41.7,0.2,1.0,20.0,0.4,4.8,5.2,1.2,0.0,0.2,0.8, 7.2
376,Dru Smith,MIA,5,13.6,4.8,1.2,3.6,33.3,0.8,2.2,36.4,1.6,2.0,80.0,0.2,1.8,2.0,3.0,0.8,0.2,0.6, 7.4
376,Kyle Filipowski,UTA,5,13.2,4.8,1.8,4.2,42.9,0.6,2.2,27.3,0.6,0.8,75.0,1.2,3.2,4.4,1.8,0.4,0.6,1.6, 7.8
376,Reggie Jackson,PHI,5,9.6,4.8,1.8,4.2,42.9,0.8,2.4,33.3,0.4,0.4,100,0.2,0.8,1.0,2.0,0.2,0.2,0.4, 5.4
380,Alex Caruso,OKC,4,16.5,4.8,2.0,3.8,53.3,0.3,1.5,16.7,0.5,0.8,66.7,0.0,1.8,1.8,2.3,0.8,0.8,0.5, 7.8
380,Frank Kaminsky,PHX,4,9.8,4.8,1.5,3.5,42.9,0.8,2.5,30.0,1.0,1.0,100,0.3,2.8,3.0,0.5,0.3,0.3,0.0, 6.8
380,Jevon Carter,CHI,4,11.3,4.8,1.8,4.3,41.2,0.5,2.3,22.2,0.8,1.0,75.0,0.0,0.8,0.8,0.8,0.8,0.3,0.5, 4.0
380,Kevin Love,MIA,4,7.5,4.8,1.8,3.5,50.0,1.3,2.8,45.5,0.0,0.0,0.0,0.8,0.3,1.0,0.5,0.0,0.0,0.5, 4.0
380,Tyrese Martin,BKN,4,12.0,4.8,2.0,4.0,50.0,0.8,2.3,33.3,0.0,0.3,0.0,0.5,1.3,1.8,1.0,0.8,0.5,0.8, 5.8
385,Grant Williams,CHA,3,16.7,4.7,1.3,4.3,30.8,0.7,2.7,25.0,1.3,2.3,57.1,0.3,1.7,2.0,1.3,0.7,1.0,0.3, 5.3
385,Herbert Jones,NOP,3,21.7,4.7,1.7,5.0,33.3,1.0,3.3,30.0,0.3,0.7,50.0,0.7,2.3,3.0,1.3,1.7,0.0,1.3, 5.7
385,Kyle Anderson,GSW,6,17.0,4.7,1.5,3.7,40.9,1.0,1.8,54.5,0.7,0.7,100,0.0,2.7,2.7,2.5,0.7,0.2,1.0, 7.5
385,Luke Kennard,MEM,3,14.3,4.7,1.7,5.0,33.3,1.3,4.0,33.3,0.0,0.0,0.0,0.7,1.3,2.0,1.7,0.0,0.0,0.3, 4.7
389,KJ Simpson,CHA,5,16.2,4.6,1.0,4.4,22.7,0.4,2.4,16.7,2.2,2.6,84.6,0.0,2.4,2.4,2.0,0.4,0.4,2.0, 4.0
389,Mason Plumlee,PHX,5,15.8,4.6,1.6,3.2,50.0,0.0,0.0,0.0,1.4,2.0,70.0,1.4,3.8,5.2,1.8,0.6,0.2,1.4, 8.8
391,Jalen Hood-Schifino,LAL,6,19.8,4.5,2.0,7.0,28.6,0.2,1.7,10.0,0.3,0.5,66.7,0.7,1.8,2.5,3.8,0.5,0.2,2.2, 4.2
391,Tyler Smith,MIL,4,14.0,4.5,1.5,6.3,24.0,0.8,3.5,21.4,0.8,1.0,75.0,1.3,4.5,5.8,0.0,0.5,0.5,0.8, 5.5
393,D.J. Carton,TOR,5,12.6,4.4,1.4,4.0,35.0,0.2,1.4,14.3,1.4,1.6,87.5,0.6,1.4,2.0,2.0,0.6,0.0,0.6, 5.6
394,Isaac Okoro,CLE,3,18.0,4.3,1.7,5.3,31.3,0.7,2.3,28.6,0.3,1.3,25.0,0.3,1.0,1.3,1.3,1.0,0.0,0.7, 2.7
394,Mike Conley,MIN,3,13.0,4.3,1.7,4.3,38.5,1.0,3.3,30.0,0.0,0.0,0.0,0.3,1.3,1.7,1.7,0.0,0.0,0.7, 4.3
396,Armel Traore,LAL,4,13.0,4.3,1.8,4.0,43.8,0.0,1.3,0.0,0.8,1.3,60.0,1.3,3.0,4.3,0.3,0.5,0.8,0.8, 6.5
396,Jules Bernard,CLE,4,8.5,4.3,1.3,4.5,27.8,0.8,3.0,25.0,1.0,1.0,100,0.3,1.0,1.3,0.3,0.0,0.0,0.8, 1.8
396,MarJon Beauchamp,MIL,4,13.0,4.3,1.8,4.5,38.9,0.0,1.0,0.0,0.8,1.3,60.0,0.5,1.0,1.5,1.5,1.0,0.8,0.8, 5.0
396,Vasilije Micić,CHA,4,14.8,4.3,1.8,4.3,41.2,0.3,1.5,16.7,0.5,0.5,100,0.0,1.8,1.8,3.0,0.0,0.0,3.5, 3.0
400,Chris Duarte,CHI,5,11.0,4.2,1.4,4.8,29.2,0.8,3.4,23.5,0.6,0.8,75.0,0.2,1.8,2.0,0.8,0.4,0.8,1.4, 3.2
400,Hunter Tyson,DEN,5,18.2,4.2,1.4,5.0,28.0,0.6,3.2,18.8,0.8,1.6,50.0,1.8,3.0,4.8,1.2,0.2,0.0,0.8, 5.2
400,Tristan Vukcevic,WAS,5,7.0,4.2,1.6,2.8,57.1,0.2,1.0,20.0,0.8,1.0,80.0,0.0,0.8,0.8,0.2,0.0,0.4,0.6, 3.6
403,Bronny James,LAL,6,16.2,4.2,1.8,6.2,29.7,0.2,2.0,8.3,0.3,0.7,50.0,0.5,1.2,1.7,0.3,0.5,0.8,1.2, 1.7
404,A.J. Lawson,DAL,3,11.7,4.0,1.3,3.0,44.4,0.3,1.3,25.0,1.0,1.7,60.0,0.0,2.0,2.0,1.0,0.0,0.0,0.3, 4.3
404,Alondes Williams,DET,5,11.8,4.0,1.6,4.0,40.0,0.2,2.0,10.0,0.6,0.8,75.0,1.0,1.4,2.4,3.2,0.6,0.0,1.0, 6.6
404,Ariel Hukporti,NYK,4,12.3,4.0,1.8,2.8,63.6,0.0,0.0,0.0,0.5,2.0,25.0,0.8,2.5,3.3,0.3,0.8,0.5,0.8, 5.5
404,DeAndre Jordan,DEN,2,14.5,4.0,1.5,2.5,60.0,0.0,0.0,0.0,1.0,3.0,33.3,2.0,4.5,6.5,1.0,0.0,0.0,0.5, 8.0
404,E.J. Liddell,CHI,2,15.0,4.0,1.0,3.5,28.6,0.5,2.5,20.0,1.5,2.0,75.0,1.5,2.5,4.0,0.5,0.5,0.5,0.5, 6.0
404,Isaac Jones,SAC,5,12.4,4.0,1.6,4.0,40.0,0.0,1.4,0.0,0.8,0.8,100,1.2,1.2,2.4,1.4,0.4,0.4,0.6, 5.6
404,Isaiah Collier,UTA,4,16.8,4.0,1.0,3.8,26.7,0.3,1.3,20.0,1.8,1.8,100,0.0,0.3,0.3,4.3,1.8,0.0,3.3, 4.3
404,Jackson Rowe,GSW,2,6.5,4.0,1.5,3.0,50.0,0.0,1.5,0.0,1.0,1.0,100,1.5,1.5,3.0,1.0,0.0,0.5,0.0, 7.0
404,Jaden Springer,BOS,3,14.0,4.0,1.0,3.0,33.3,1.0,2.0,50.0,1.0,1.3,75.0,0.7,0.0,0.7,1.7,0.3,0.0,0.7, 3.7
404,Javonte Green,NOP,3,18.7,4.0,1.3,3.0,44.4,0.3,0.7,50.0,1.0,1.3,75.0,0.7,4.0,4.7,1.7,0.7,0.7,0.7, 9.0
404,Jaylen Clark,MIN,4,11.0,4.0,1.8,4.0,43.8,0.5,1.5,33.3,0.0,0.5,0.0,0.8,1.3,2.0,0.5,1.5,0.0,0.5, 4.8
404,Jeff Green,HOU,2,13.0,4.0,1.5,4.0,37.5,1.0,3.0,33.3,0.0,0.0,0.0,0.0,3.5,3.5,1.0,1.0,0.0,0.5, 6.5
404,Jeremiah Robinson-Earl,NOP,3,16.0,4.0,1.7,5.7,29.4,0.7,3.7,18.2,0.0,0.0,0.0,0.7,2.3,3.0,0.3,0.3,0.0,0.7, 3.0
404,Jonathan Isaac,ORL,2,7.5,4.0,1.5,2.0,75.0,1.0,1.0,100,0.0,0.0,0.0,0.0,1.0,1.0,0.0,0.5,1.5,0.5, 6.0
404,Kylor Kelley,LAL,1,6.0,4.0,2.0,3.0,66.7,0.0,1.0,0.0,0.0,0.0,0.0,0.0,0.0,0.0,1.0,0.0,0.0,1.0, 3.0
404,Lamar Stevens,DET,3,13.0,4.0,1.7,3.3,50.0,0.3,0.7,50.0,0.3,1.3,25.0,1.0,2.3,3.3,1.3,0.7,1.0,1.0, 6.7
404,Liam Robbins,MIL,4,11.8,4.0,1.8,4.0,43.8,0.3,1.0,25.0,0.3,0.5,50.0,0.8,2.0,2.8,1.5,0.0,1.5,1.5, 5.8
404,Mac McClung,ORL,2,7.5,4.0,1.5,3.0,50.0,0.5,1.5,33.3,0.5,0.5,100,0.0,0.5,0.5,1.0,0.5,1.0,0.5, 5.0
404,Marcus Sasser,DET,5,13.6,4.0,1.4,4.2,33.3,0.4,2.0,20.0,0.8,0.8,100,0.0,0.6,0.6,3.2,0.6,0.0,1.0, 4.6
404,Moritz Wagner,ORL,3,13.3,4.0,1.0,2.3,42.9,0.3,0.7,50.0,1.7,2.0,83.3,0.0,2.3,2.3,1.3,0.7,0.0,2.0, 4.7
404,Richaun Holmes,WAS,3,9.7,4.0,1.7,2.7,62.5,0.0,0.0,0.0,0.7,1.3,50.0,1.7,2.3,4.0,0.3,0.3,0.0,0.0, 7.0
404,TyTy Washington Jr.,PHX,4,10.8,4.0,1.5,3.8,40.0,0.3,1.0,25.0,0.8,1.0,75.0,0.5,1.0,1.5,0.5,0.0,0.3,1.0, 2.8
404,Vlatko Čančar,DEN,5,13.4,4.0,1.4,3.4,41.2,0.6,1.6,37.5,0.6,0.8,75.0,0.8,1.2,2.0,1.6,0.0,0.0,1.4, 4.0
427,Blake Wesley,SAS,5,19.4,3.8,1.6,4.2,38.1,0.2,1.4,14.3,0.4,0.6,66.7,0.4,3.2,3.6,5.0,1.0,0.2,1.2, 9.6
427,Davion Mitchell,TOR,5,24.2,3.8,1.4,4.2,33.3,0.6,2.4,25.0,0.4,1.2,33.3,0.4,2.2,2.6,5.6,0.6,0.0,0.8, 8.2
429,AJ Green,MIL,4,15.8,3.8,1.0,3.8,26.7,1.0,3.8,26.7,0.8,0.8,100,0.3,1.5,1.8,1.5,0.3,0.0,0.5, 4.0
429,Armando Bacot,MEM,4,9.8,3.8,1.0,2.5,40.0,0.0,1.0,0.0,1.8,3.0,58.3,0.8,2.0,2.8,0.3,0.0,0.3,1.3, 3.0
429,Damion Lee,PHX,4,10.3,3.8,1.5,5.3,28.6,0.8,3.0,25.0,0.0,0.0,0.0,0.0,0.8,0.8,0.8,0.3,0.0,0.5, 1.3
429,Malachi Flynn,SAS,4,6.3,3.8,1.0,2.3,44.4,0.3,1.0,25.0,1.5,1.8,85.7,0.0,0.5,0.5,1.3,1.0,0.3,0.5, 4.8
429,Miye Oni,MEM,4,11.5,3.8,1.3,3.0,41.7,1.0,2.3,44.4,0.3,0.5,50.0,0.5,1.5,2.0,0.8,0.3,0.3,2.0, 3.0
429,Mouhamed Gueye,ATL,4,16.3,3.8,1.3,4.0,31.3,0.3,1.3,20.0,1.0,2.0,50.0,1.5,2.3,3.8,1.3,0.8,0.3,0.8, 5.3
429,Nate Williams,HOU,4,8.8,3.8,1.8,4.0,43.8,0.3,1.5,16.7,0.0,0.5,0.0,0.3,0.3,0.5,0.5,0.5,0.0,0.5, 2.0
429,Taurean Prince,MIL,4,19.0,3.8,1.5,4.0,37.5,0.8,2.8,27.3,0.0,0.0,0.0,0.3,3.0,3.3,1.3,1.3,1.0,0.3, 7.8
437,Delon Wright,MIL,3,11.7,3.7,1.0,2.7,37.5,1.0,2.3,42.9,0.7,0.7,100,0.3,0.3,0.7,1.7,0.0,0.3,0.7, 4.0
437,Gary Payton II,GSW,6,13.2,3.7,1.5,2.3,64.3,0.5,1.0,50.0,0.2,0.5,33.3,0.8,1.5,2.3,1.8,0.5,0.3,1.0, 6.5
437,Javante McCoy,DET,3,10.3,3.7,1.3,3.7,36.4,0.7,1.3,50.0,0.3,0.7,50.0,0.3,0.7,1.0,1.3,0.7,0.0,0.7, 3.3
437,Keaton Wallace,ATL,3,12.0,3.7,1.3,3.3,40.0,0.7,2.3,28.6,0.3,0.3,100,0.3,1.3,1.7,2.3,1.7,0.0,1.7, 5.7
437,Kendall Brown,IND,3,7.7,3.7,1.7,1.7,100,0.0,0.0,0.0,0.3,0.7,50.0,0.0,0.7,0.7,0.3,1.0,0.0,1.0, 4.3
437,Stanley Umude,MIL,3,9.0,3.7,1.0,3.7,27.3,1.0,2.7,37.5,0.7,0.7,100,0.3,1.0,1.3,0.3,0.0,0.3,0.0, 3.0
443,Adama Sanogo,CHI,5,9.6,3.6,1.4,2.6,53.8,0.2,0.4,50.0,0.6,0.8,75.0,1.6,2.6,4.2,0.6,1.2,0.6,0.4, 8.4
443,Mason Jones,SAC,5,12.8,3.6,1.2,4.2,28.6,0.6,3.0,20.0,0.6,1.4,42.9,0.4,2.4,2.8,1.0,0.2,0.2,0.6, 3.4
445,Dereon Seabron,DET,2,7.0,3.5,1.5,1.5,100,0.0,0.0,0.0,0.5,1.0,50.0,0.0,0.0,0.0,0.5,0.0,0.0,0.5, 3.0
445,Kris Dunn,LAC,4,18.0,3.5,1.3,3.0,41.7,0.5,1.8,28.6,0.5,0.5,100,0.3,2.0,2.3,0.8,1.0,0.8,1.3, 5.3
445,Onuralp Bitim,CHI,2,18.0,3.5,1.5,6.0,25.0,0.5,3.5,14.3,0.0,0.5,0.0,0.5,2.5,3.0,0.5,1.0,0.0,1.0, 2.0
448,Maxwell Lewis,LAL,5,12.6,3.4,1.2,3.2,37.5,0.2,0.8,25.0,0.8,0.8,100,0.2,1.6,1.8,0.6,0.2,0.4,0.4, 4.0
448,Yuki Kawamura,MEM,5,15.2,3.4,0.8,3.8,21.1,0.8,3.2,25.0,1.0,1.2,83.3,0.0,0.2,0.2,4.2,0.4,0.0,1.6, 3.4
450,Antonio Reeves,NOP,3,8.3,3.3,1.0,5.0,20.0,0.0,2.3,0.0,1.3,2.0,66.7,0.3,0.7,1.0,0.7,1.0,0.0,0.3, 1.0
450,Steven Adams,HOU,3,14.7,3.3,1.7,2.0,83.3,0.0,0.0,0.0,0.0,0.0,0.0,1.3,6.0,7.3,1.7,0.0,0.0,0.7, 11.3
452,PJ Dozier,MIN,4,10.8,3.3,0.8,2.3,33.3,0.5,1.5,33.3,1.3,1.3,100,0.3,0.3,0.5,1.0,0.3,0.0,1.3, 2.3
453,Cam Reddish,LAL,5,17.6,3.2,1.0,4.4,22.7,0.6,2.6,23.1,0.6,0.8,75.0,1.0,1.2,2.2,0.6,1.0,0.2,0.8, 2.8
453,Jonathan Mogbo,TOR,5,17.4,3.2,1.2,4.4,27.3,0.0,0.6,0.0,0.8,1.4,57.1,1.8,3.6,5.4,2.8,1.0,0.4,1.0, 8.0
455,Andrew Funk,DEN,1,8.0,3.0,1.0,1.0,100,1.0,1.0,100,0.0,0.0,0.0,0.0,0.0,0.0,0.0,0.0,0.0,0.0, 3.0
455,Baylor Scheierman,BOS,5,11.6,3.0,0.8,4.8,16.7,0.6,3.4,17.6,0.8,0.8,100,0.4,1.4,1.8,0.6,0.6,0.0,0.2, 1.8
455,Cui Yongxi,BKN,2,6.5,3.0,1.0,3.5,28.6,0.5,1.5,33.3,0.5,1.0,50.0,1.0,0.5,1.5,0.0,0.0,0.0,0.5, 1.0
455,De'Andre Hunter,ATL,2,19.5,3.0,1.5,6.5,23.1,0.0,3.5,0.0,0.0,0.0,0.0,0.0,2.0,2.0,2.0,1.5,0.0,0.5, 3.0
455,Dwight Powell,DAL,4,10.5,3.0,1.3,1.8,71.4,0.0,0.3,0.0,0.5,0.5,100,0.3,1.5,1.8,1.3,1.5,0.3,0.3, 7.0
455,Elfrid Payton,NOP,2,10.5,3.0,1.5,2.5,60.0,0.0,0.0,0.0,0.0,0.5,0.0,1.0,3.0,4.0,5.0,0.0,1.0,1.0, 10.5
455,Eugene Omoruyi,MIN,1,8.0,3.0,1.0,2.0,50.0,1.0,2.0,50.0,0.0,0.0,0.0,0.0,1.0,1.0,2.0,0.0,0.0,0.0, 5.0
455,Isaiah Jackson,IND,2,8.5,3.0,1.5,3.5,42.9,0.0,0.0,0.0,0.0,0.0,0.0,0.5,2.0,2.5,0.5,0.0,2.5,0.5, 6.0
455,Jacob Gilyard,CLE,1,5.0,3.0,1.0,1.0,100,0.0,0.0,0.0,1.0,2.0,50.0,0.0,0.0,0.0,2.0,0.0,0.0,0.0, 4.0
455,Jae'Sean Tate,HOU,4,10.0,3.0,1.0,2.8,36.4,0.5,1.0,50.0,0.5,0.8,66.7,1.3,1.5,2.8,1.0,1.0,0.5,0.3, 6.0
455,Jalen McDaniels,SAC,2,12.5,3.0,1.0,4.5,22.2,0.0,2.5,0.0,1.0,1.0,100,0.5,2.0,2.5,0.0,1.0,0.0,0.5, 2.5
455,Javonte Smart,ORL,1,6.0,3.0,1.0,2.0,50.0,1.0,2.0,50.0,0.0,0.0,0.0,0.0,0.0,0.0,0.0,0.0,0.0,0.0, 2.0
455,Joe Ingles,MIN,4,13.3,3.0,1.0,2.8,36.4,1.0,2.8,36.4,0.0,0.0,0.0,0.3,2.3,2.5,2.8,0.8,0.3,0.5, 7.0
455,Kevin Knox II,GSW,2,7.5,3.0,1.5,4.0,37.5,0.0,1.5,0.0,0.0,1.0,0.0,1.0,1.0,2.0,0.0,0.0,1.0,0.0, 2.5
455,Kyle Lowry,PHI,4,13.3,3.0,0.8,3.8,20.0,0.3,2.0,12.5,1.3,1.8,71.4,0.3,2.0,2.3,3.5,0.8,0.3,1.3, 5.0
455,Miller Kopp,OKC,1,14.0,3.0,1.0,2.0,50.0,1.0,1.0,100,0.0,0.0,0.0,1.0,5.0,6.0,1.0,0.0,0.0,1.0, 8.0
455,Paul Reed,DET,5,11.2,3.0,1.2,4.6,26.1,0.2,1.4,14.3,0.4,0.4,100,0.6,3.4,4.0,2.0,1.4,0.6,0.2, 7.4
455,Seth Lundy,ATL,1,3.0,3.0,1.0,3.0,33.3,1.0,2.0,50.0,0.0,0.0,0.0,0.0,0.0,0.0,0.0,0.0,0.0,0.0, 1.0
455,Taj Gibson,CHA,3,8.3,3.0,1.3,2.0,66.7,0.0,0.0,0.0,0.3,0.7,50.0,1.3,1.3,2.7,0.3,0.0,0.0,0.0, 5.0
455,Tristan Thompson,CLE,2,15.0,3.0,1.5,3.0,50.0,0.0,0.0,0.0,0.0,0.5,0.0,1.0,4.5,5.5,0.5,0.0,0.0,2.0, 5.0
475,Cam Christie,LAC,5,8.0,2.8,0.8,3.2,25.0,0.2,1.8,11.1,1.0,1.2,83.3,0.0,1.2,1.2,0.6,0.4,0.4,0.0, 2.8
475,Maozinha Pereira,MEM,5,9.0,2.8,1.0,2.0,50.0,0.6,1.4,42.9,0.2,0.4,50.0,1.0,3.0,4.0,0.4,0.2,0.0,0.4, 5.8
477,Brandon Boston Jr.,NOP,4,7.3,2.8,1.3,2.8,45.5,0.3,1.0,25.0,0.0,0.3,0.0,0.3,0.8,1.0,0.5,0.0,0.0,0.3, 2.3
477,Jordan Tucker,PHI,4,6.8,2.8,0.8,2.5,30.0,0.8,2.3,33.3,0.5,0.5,100,0.0,1.3,1.3,0.0,0.0,0.3,0.5, 2.0
479,Dmytro Skapintsev,BOS,3,9.3,2.7,1.0,1.7,60.0,0.0,0.0,0.0,0.7,1.3,50.0,0.3,0.7,1.0,0.0,0.7,1.0,0.7, 3.3
479,Jared Rhoden,CHA,3,6.0,2.7,1.3,3.0,44.4,0.0,0.7,0.0,0.0,0.0,0.0,0.3,1.7,2.0,1.0,0.0,0.0,0.0, 4.0
479,Judah Mintz,PHI,3,7.7,2.7,0.7,2.7,25.0,0.0,0.3,0.0,1.3,1.3,100,0.0,1.0,1.0,1.7,0.0,0.0,0.0, 3.3
482,Tim Hardaway Jr.,DET,5,15.6,2.6,0.8,4.6,17.4,0.4,3.6,11.1,0.6,0.8,75.0,0.2,2.0,2.2,0.6,0.8,0.0,1.0, 1.2
483,Isaiah Crawford,SAC,4,11.0,2.5,1.0,3.3,30.8,0.5,1.5,33.3,0.0,0.0,0.0,1.5,0.8,2.3,0.5,1.0,0.0,0.8, 3.3
483,Josh Green,CHA,2,13.5,2.5,1.0,2.5,40.0,0.5,1.0,50.0,0.0,0.0,0.0,0.5,0.5,1.0,0.0,0.0,0.0,0.5, 1.5
483,Kentavious Caldwell-Pope,ORL,2,16.5,2.5,1.0,4.0,25.0,0.5,3.0,16.7,0.0,0.0,0.0,0.5,1.5,2.0,1.5,1.0,0.0,1.5, 2.5
483,Luke Travers,CLE,4,11.0,2.5,1.3,3.3,38.5,0.0,0.8,0.0,0.0,0.0,0.0,1.0,2.3,3.3,1.3,0.8,0.0,1.3, 4.5
483,Patty Mills,UTA,2,14.5,2.5,1.0,2.0,50.0,0.5,1.5,33.3,0.0,0.0,0.0,0.0,1.5,1.5,0.0,0.0,0.0,1.0, 2.0
483,Trevelin Queen,ORL,2,6.0,2.5,1.0,3.0,33.3,0.0,1.5,0.0,0.5,1.5,33.3,0.0,1.5,1.5,0.5,0.0,0.0,1.5, 0.0
489,Colin Castleton,MEM,5,13.8,2.4,0.6,1.2,50.0,0.0,0.0,0.0,1.2,1.6,75.0,1.2,2.0,3.2,2.0,0.4,0.8,1.6, 6.2
490,Adem Bona,PHI,6,10.8,2.3,1.0,1.7,60.0,0.0,0.0,0.0,0.3,0.8,40.0,0.8,1.7,2.5,0.3,0.5,0.2,0.5, 4.2
490,Alex Reese,OKC,3,8.7,2.3,0.7,2.0,33.3,0.3,1.7,20.0,0.7,0.7,100,0.3,1.7,2.0,1.0,0.3,0.3,0.0, 4.7
490,Jalen Pickett,DEN,3,15.3,2.3,0.7,4.7,14.3,0.7,3.0,22.2,0.3,0.7,50.0,0.0,1.3,1.3,2.0,0.3,0.0,0.7, 1.0
490,Mamadi Diakite,PHX,3,6.7,2.3,1.0,2.0,50.0,0.3,1.0,33.3,0.0,0.0,0.0,0.0,1.7,1.7,0.3,0.3,0.0,0.3, 3.3
494,Anthony Gill,WAS,4,6.8,2.3,0.8,1.3,60.0,0.5,0.5,100,0.3,0.8,33.3,0.0,0.3,0.3,0.5,0.0,0.0,0.0, 2.0
494,Colby Jones,SAC,4,16.0,2.3,0.8,4.3,17.6,0.3,1.8,14.3,0.5,1.5,33.3,0.8,0.8,1.5,2.0,0.8,0.0,0.8, 1.3
496,Pat Spencer,GSW,5,8.6,2.2,0.8,2.2,36.4,0.2,1.0,20.0,0.4,0.4,100,0.2,1.6,1.8,2.2,0.8,0.0,1.2, 4.4
497,Quinten Post,GSW,6,5.8,2.2,0.8,2.5,33.3,0.5,1.5,33.3,0.0,0.0,0.0,0.3,0.7,1.0,0.2,0.0,0.0,1.0, 0.7
498,Al Horford,BOS,1,23.0,2.0,1.0,6.0,16.7,0.0,4.0,0.0,0.0,0.0,0.0,0.0,2.0,2.0,1.0,0.0,0.0,0.0, 0.0
498,Alex Morales,ORL,1,4.0,2.0,1.0,1.0,100,0.0,0.0,0.0,0.0,0.0,0.0,0.0,2.0,2.0,0.0,0.0,1.0,0.0, 5.0
498,Amari Bailey,BKN,2,7.0,2.0,0.0,1.5,0.0,0.0,0.0,0.0,2.0,3.0,66.7,0.0,1.0,1.0,3.0,0.0,0.0,0.5, 3.0
498,Chris Livingston,MIL,3,7.7,2.0,0.7,2.0,33.3,0.0,0.3,0.0,0.7,1.0,66.7,0.7,1.0,1.7,0.0,0.7,0.3,1.0, 2.0
498,Dariq Whitehead,BKN,3,7.0,2.0,0.7,3.0,22.2,0.7,1.7,40.0,0.0,0.0,0.0,0.0,1.0,1.0,0.0,0.0,0.3,0.3, 0.7
498,David Duke Jr.,SAS,1,9.0,2.0,1.0,2.0,50.0,0.0,1.0,0.0,0.0,0.0,0.0,1.0,1.0,2.0,2.0,1.0,0.0,2.0, 4.0
498,Dominick Barlow,ATL,1,3.0,2.0,1.0,1.0,100,0.0,0.0,0.0,0.0,0.0,0.0,3.0,0.0,3.0,0.0,0.0,0.0,0.0, 5.0
498,Jamarion Sharp,DAL,4,9.3,2.0,0.8,1.5,50.0,0.0,0.0,0.0,0.5,1.3,40.0,0.8,1.5,2.3,0.0,0.5,1.5,1.3, 3.5
498,Jericho Sims,NYK,5,13.4,2.0,0.8,1.2,66.7,0.0,0.0,0.0,0.4,0.8,50.0,2.2,3.6,5.8,0.6,0.0,0.6,0.4, 7.8
498,Jock Landale,HOU,1,19.0,2.0,1.0,3.0,33.3,0.0,1.0,0.0,0.0,1.0,0.0,1.0,4.0,5.0,1.0,0.0,0.0,2.0, 3.0
498,N'Faly Dante,HOU,4,6.0,2.0,1.0,1.5,66.7,0.0,0.0,0.0,0.0,0.0,0.0,0.5,1.5,2.0,0.3,0.3,0.5,0.3, 4.3
498,PJ Hall,DEN,3,5.3,2.0,0.7,1.3,50.0,0.3,0.7,50.0,0.3,0.7,50.0,0.0,1.0,1.0,0.0,0.0,0.0,1.0, 1.0
498,Tosan Evbuomwan,DET,4,6.5,2.0,0.8,2.0,37.5,0.0,0.3,0.0,0.5,0.5,100,0.0,1.5,1.5,0.3,0.3,0.3,0.3, 2.8
498,Warren Washington,MIA,1,5.0,2.0,1.0,2.0,50.0,0.0,0.0,0.0,0.0,2.0,0.0,2.0,0.0,2.0,0.0,0.0,0.0,0.0, 1.0
512,Gui Santos,GSW,6,7.7,1.8,0.7,1.7,40.0,0.0,0.8,0.0,0.5,0.7,75.0,0.3,0.8,1.2,0.7,0.2,0.0,0.0, 2.7
512,Reece Beekman,GSW,6,6.8,1.8,0.5,1.7,30.0,0.2,0.5,33.3,0.7,0.7,100,0.0,0.3,0.3,1.2,0.5,0.2,0.3, 2.5
514,Harry Giles III,CHA,5,6.6,1.8,0.8,2.4,33.3,0.0,0.2,0.0,0.2,0.8,25.0,0.4,3.0,3.4,0.6,0.0,0.6,0.4, 3.8
515,Andre Jackson Jr.,MIL,4,11.8,1.8,0.8,3.8,20.0,0.3,0.8,33.3,0.0,0.0,0.0,1.3,2.0,3.3,0.5,0.8,0.3,2.0, 1.5
515,Branden Carlson,OKC,4,5.3,1.8,0.5,1.8,28.6,0.3,1.3,20.0,0.5,0.5,100,0.0,1.3,1.3,0.5,0.3,0.3,0.3, 2.5
515,DJ Steward,CHI,4,8.3,1.8,0.8,2.5,30.0,0.3,1.3,20.0,0.0,0.0,0.0,0.0,0.5,0.5,1.5,0.3,0.3,0.5, 2.0
518,Brodric Thomas,SAC,3,4.0,1.7,0.3,0.3,100,0.3,0.3,100,0.7,0.7,100,0.3,1.0,1.3,0.7,0.3,0.0,0.0, 4.0
518,Isaiah Mobley,PHI,3,4.0,1.7,0.3,1.0,33.3,0.3,0.7,50.0,0.7,1.3,50.0,1.3,0.7,2.0,0.0,0.3,0.0,0.0, 2.7
518,Justin Minaya,POR,3,11.7,1.7,0.7,2.7,25.0,0.3,2.0,16.7,0.0,0.0,0.0,0.7,0.3,1.0,0.3,0.0,0.0,0.0, 1.0
518,Max Fiedler,PHI,3,5.7,1.7,0.7,1.0,66.7,0.0,0.3,0.0,0.3,0.7,50.0,0.7,1.0,1.7,0.3,0.0,0.0,0.3, 2.7
518,Tolu Smith,DET,3,5.0,1.7,0.7,0.7,100,0.0,0.0,0.0,0.3,0.7,50.0,1.3,0.7,2.0,0.3,0.0,0.0,0.7, 3.0
523,Blake Hinson,GSW,2,5.5,1.5,0.5,1.0,50.0,0.5,1.0,50.0,0.0,0.0,0.0,0.0,0.0,0.0,0.0,0.0,0.0,0.5, 0.5
523,Daeqwon Plowden,ATL,2,11.0,1.5,0.5,4.5,11.1,0.0,3.0,0.0,0.5,0.5,100,0.5,2.5,3.0,0.0,0.0,0.0,0.0, 0.5
523,Isaiah Stevens,MIA,4,12.3,1.5,0.3,2.5,10.0,0.0,0.8,0.0,1.0,1.0,100,0.5,0.8,1.3,3.0,0.8,0.0,0.8, 3.5
523,Nate Hinton,HOU,2,6.5,1.5,0.5,3.5,14.3,0.5,1.5,33.3,0.0,0.0,0.0,0.0,1.5,1.5,2.0,0.5,0.0,0.0, 2.5
527,Anton Watson,BOS,3,7.7,1.3,0.7,1.7,40.0,0.0,0.7,0.0,0.0,0.0,0.0,0.3,0.7,1.0,1.0,0.0,0.0,1.3, 1.0
527,Bryce McGowens,POR,3,4.0,1.3,0.3,1.7,20.0,0.0,0.7,0.0,0.7,0.7,100,0.0,0.3,0.3,0.0,0.0,0.0,0.3, 0.0
527,Harrison Ingram,SAS,3,8.0,1.3,0.7,1.7,40.0,0.0,1.0,0.0,0.0,0.0,0.0,0.7,2.3,3.0,0.7,0.3,0.0,0.3, 4.0
527,Jalen Slawson,ORL,3,6.7,1.3,0.3,2.0,16.7,0.0,0.3,0.0,0.7,0.7,100,0.3,0.7,1.0,0.7,0.0,0.0,0.0, 1.3
527,Skal Labissiere,SAC,3,4.7,1.3,0.3,1.3,25.0,0.0,0.7,0.0,0.7,0.7,100,0.7,0.0,0.7,0.7,0.0,0.0,0.3, 1.3
532,Caleb Houstan,ORL,3,10.3,1.0,0.3,2.3,14.3,0.3,2.3,14.3,0.0,0.0,0.0,0.0,1.0,1.0,0.3,0.0,0.0,0.7, -0.3
532,DaQuan Jeffries,CHA,2,16.0,1.0,0.5,2.0,25.0,0.0,1.5,0.0,0.0,0.0,0.0,0.5,1.0,1.5,1.0,0.5,0.0,1.5, 1.0
532,Devonte' Graham,POR,2,13.0,1.0,0.0,2.5,0.0,0.0,2.0,0.0,1.0,1.5,66.7,0.0,1.5,1.5,2.5,0.5,0.0,0.5, 2.0
532,Ethan Thompson,ORL,2,9.0,1.0,0.5,3.5,14.3,0.0,2.0,0.0,0.0,0.0,0.0,0.0,3.0,3.0,1.5,0.0,0.0,0.5, 2.0
532,Jacob Toppin,NYK,2,7.0,1.0,0.5,2.5,20.0,0.0,0.5,0.0,0.0,0.0,0.0,0.0,2.0,2.0,0.5,0.0,0.0,1.0, 0.5
532,Jalen Bridges,PHX,5,7.6,1.0,0.2,3.6,5.6,0.2,2.8,7.1,0.4,0.4,100,0.6,1.2,1.8,0.6,0.2,0.4,0.2, 0.4
532,Jalen Crutcher,NOP,1,9.0,1.0,0.0,2.0,0.0,0.0,1.0,0.0,1.0,4.0,25.0,0.0,1.0,1.0,2.0,0.0,0.0,0.0, -1.0
532,Jason Preston,UTA,2,7.0,1.0,0.5,1.5,33.3,0.0,0.5,0.0,0.0,0.0,0.0,0.0,1.0,1.0,1.5,0.0,0.0,1.0, 1.5
532,Jaylen Nowell,NOP,1,4.0,1.0,0.0,0.0,0.0,0.0,0.0,0.0,1.0,2.0,50.0,0.0,0.0,0.0,0.0,0.0,0.0,0.0, 0.0
532,Moses Wood,PHX,2,2.5,1.0,0.5,1.0,50.0,0.0,0.5,0.0,0.0,0.0,0.0,0.0,0.5,0.5,0.0,0.0,0.0,0.0, 1.0
532,Trey Jemison III,NOP,2,8.5,1.0,0.5,0.5,100,0.0,0.0,0.0,0.0,0.0,0.0,1.5,2.5,4.0,1.0,0.0,0.0,0.5, 5.5
532,Ulrich Chomche,TOR,4,4.8,1.0,0.5,1.0,50.0,0.0,0.0,0.0,0.0,0.0,0.0,1.0,1.0,2.0,0.8,0.0,0.3,1.5, 2.0
544,Ron Harper Jr.,BOS,3,4.0,0.7,0.0,1.0,0.0,0.0,0.7,0.0,0.7,0.7,100,0.0,0.3,0.3,0.3,0.3,0.0,0.0, 0.7
544,Taze Moore,POR,3,5.3,0.7,0.3,1.3,25.0,0.0,0.3,0.0,0.0,0.0,0.0,0.7,0.0,0.7,0.3,0.0,0.0,0.3, 0.3
546,Josh Hart,NYK,4,22.5,0.5,0.3,1.5,16.7,0.0,1.3,0.0,0.0,0.0,0.0,0.3,3.8,4.0,3.0,0.5,0.5,1.0, 6.3
546,Nicolas Batum,LAC,4,12.3,0.5,0.3,1.8,14.3,0.0,1.0,0.0,0.0,0.0,0.0,1.5,1.3,2.8,1.3,0.5,0.8,0.5, 3.8
548,Chuma Okeke,NYK,3,6.0,0.3,0.0,0.7,0.0,0.0,0.3,0.0,0.3,0.7,50.0,0.0,0.0,0.0,0.3,0.3,0.0,0.0, 0.0
549,Charles Bediako,DEN,1,1.0,0.0,0.0,0.0,0.0,0.0,0.0,0.0,0.0,0.0,0.0,0.0,0.0,0.0,0.0,0.0,0.0,0.0, 0.0
549,Gabe McGlothan,DEN,1,0.0,0.0,0.0,0.0,0.0,0.0,0.0,0.0,0.0,0.0,0.0,0.0,0.0,0.0,0.0,0.0,0.0,1.0, -1.0
549,Garrett Temple,TOR,1,8.0,0.0,0.0,2.0,0.0,0.0,2.0,0.0,0.0,0.0,0.0,0.0,1.0,1.0,0.0,0.0,0.0,2.0, -3.0
549,James Akinjo,MIL,1,5.0,0.0,0.0,2.0,0.0,0.0,0.0,0.0,0.0,0.0,0.0,0.0,1.0,1.0,1.0,0.0,0.0,2.0, -2.0
549,James Johnson,IND,1,6.0,0.0,0.0,1.0,0.0,0.0,0.0,0.0,0.0,0.0,0.0,0.0,0.0,0.0,0.0,0.0,0.0,0.0, -1.0
549,Jordan Goodwin,LAL,1,6.0,0.0,0.0,3.0,0.0,0.0,1.0,0.0,0.0,0.0,0.0,2.0,2.0,4.0,1.0,0.0,1.0,0.0, 3.0
549,Josh Oduro,NOP,1,5.0,0.0,0.0,1.0,0.0,0.0,0.0,0.0,0.0,0.0,0.0,0.0,0.0,0.0,0.0,0.0,0.0,0.0, -1.0
549,Karlo Matkovic,NOP,1,8.0,0.0,0.0,0.0,0.0,0.0,0.0,0.0,0.0,0.0,0.0,1.0,1.0,2.0,0.0,0.0,0.0,2.0, 0.0
549,Keion Brooks Jr.,NOP,1,5.0,0.0,0.0,1.0,0.0,0.0,0.0,0.0,0.0,0.0,0.0,0.0,0.0,0.0,0.0,0.0,0.0,1.0, -2.0
549,Kira Lewis Jr.,WAS,1,4.0,0.0,0.0,1.0,0.0,0.0,1.0,0.0,0.0,0.0,0.0,0.0,1.0,1.0,0.0,0.0,0.0,0.0, 0.0
549,Markieff Morris,DAL,1,5.0,0.0,0.0,0.0,0.0,0.0,0.0,0.0,0.0,0.0,0.0,0.0,0.0,0.0,0.0,0.0,1.0,0.0, 1.0
549,Markquis Nowell,HOU,1,5.0,0.0,0.0,0.0,0.0,0.0,0.0,0.0,0.0,0.0,0.0,0.0,0.0,0.0,2.0,0.0,0.0,2.0, 0.0
549,Matt Ryan,NYK,1,8.0,0.0,0.0,3.0,0.0,0.0,2.0,0.0,0.0,0.0,0.0,0.0,1.0,1.0,0.0,1.0,0.0,1.0, -2.0
549,Max Strus,CLE,1,9.0,0.0,0.0,0.0,0.0,0.0,0.0,0.0,0.0,0.0,0.0,0.0,2.0,2.0,1.0,0.0,0.0,0.0, 3.0
549,Nathan Mensah,SAS,1,4.0,0.0,0.0,2.0,0.0,0.0,0.0,0.0,0.0,0.0,0.0,0.0,0.0,0.0,0.0,0.0,0.0,0.0, -2.0
549,Oscar Tshiebwe,UTA,1,3.0,0.0,0.0,0.0,0.0,0.0,0.0,0.0,0.0,0.0,0.0,1.0,1.0,2.0,0.0,0.0,0.0,0.0, 2.0
549,Pete Nance,CLE,2,5.0,0.0,0.0,0.5,0.0,0.0,0.5,0.0,0.0,0.0,0.0,0.0,1.5,1.5,0.5,0.5,0.0,0.5, 1.5
549,RayJ Dennis,LAC,1,11.0,0.0,0.0,3.0,0.0,0.0,3.0,0.0,0.0,0.0,0.0,0.0,3.0,3.0,2.0,1.0,0.0,0.0, 3.0
549,Spencer Jones,DEN,2,7.0,0.0,0.0,1.0,0.0,0.0,1.0,0.0,0.0,0.0,0.0,0.0,0.5,0.5,0.0,0.0,0.0,0.0, -0.5
549,Terry Taylor,SAC,3,5.0,0.0,0.0,1.3,0.0,0.0,0.7,0.0,0.0,0.0,0.0,0.0,0.3,0.3,1.0,0.3,0.0,0.7, -0.3
549,Trhae Mitchell,NOP,1,5.0,0.0,0.0,0.0,0.0,0.0,0.0,0.0,0.0,0.0,0.0,0.0,0.0,0.0,0.0,0.0,0.0,0.0, 0.0
549,Will Richardson,DEN,1,1.0,0.0,0.0,1.0,0.0,0.0,1.0,0.0,0.0,0.0,0.0,0.0,0.0,0.0,0.0,0.0,0.0,0.0, -1.0
